<?xml version="1.0" encoding="UTF-8"?>
<objects serializationModel="Studio.02.02.00">
	<object class="Event" id="{d678e338-8e7f-4013-8a4d-9600ffe5a9c0}">
		<property name="name">
			<value>Level1BgMusic</value>
		</property>
		<property name="outputFormat">
			<value>1</value>
		</property>
		<relationship name="folder">
			<destination>{fa78986d-ced0-4a23-9150-d6b4cebdc7de}</destination>
		</relationship>
		<relationship name="mixer">
			<destination>{e8c09bd2-361e-49ed-85e2-da0a2f1b5b0a}</destination>
		</relationship>
		<relationship name="masterTrack">
			<destination>{d069a744-04bb-4c14-9339-84f0d98ca224}</destination>
		</relationship>
		<relationship name="mixerInput">
			<destination>{717ec1eb-0392-450c-aefd-95dcad10d679}</destination>
		</relationship>
		<relationship name="automatableProperties">
			<destination>{f78d078e-f6ef-422e-a175-7284192241b0}</destination>
		</relationship>
		<relationship name="markerTracks">
			<destination>{354e5fbc-edff-4c11-bd1b-50109890c560}</destination>
		</relationship>
		<relationship name="groupTracks">
			<destination>{fe7c6e7d-2ae4-4888-bb04-f3a7b537738b}</destination>
			<destination>{f7006fec-62e1-4fcc-8186-245e4c86e8c5}</destination>
			<destination>{3e7f894b-da45-4bff-b756-2dd96fc811d1}</destination>
			<destination>{d82c8fc9-a7aa-49d3-97ba-42aea8977de6}</destination>
		</relationship>
		<relationship name="timeline">
			<destination>{0e2f2284-9828-4214-9a79-be5193d4d7e6}</destination>
		</relationship>
		<relationship name="parameters">
			<destination>{92e21ecf-318f-4a7f-ad72-807cb3209947}</destination>
		</relationship>
		<relationship name="banks">
			<destination>{cf429d70-4a31-4eb4-b3d5-fac2a74c9614}</destination>
		</relationship>
	</object>
	<object class="EventMixer" id="{e8c09bd2-361e-49ed-85e2-da0a2f1b5b0a}">
		<relationship name="masterBus">
			<destination>{8faddd26-da4a-4c93-8521-1323196fd38a}</destination>
		</relationship>
	</object>
	<object class="MasterTrack" id="{d069a744-04bb-4c14-9339-84f0d98ca224}">
		<relationship name="mixerGroup">
			<destination>{8faddd26-da4a-4c93-8521-1323196fd38a}</destination>
		</relationship>
	</object>
	<object class="MixerInput" id="{717ec1eb-0392-450c-aefd-95dcad10d679}">
		<relationship name="effectChain">
			<destination>{856c191d-c456-4f9f-b4e9-2b79f31b6246}</destination>
		</relationship>
		<relationship name="panner">
			<destination>{7d894de8-5a07-4ce3-8f79-69bd2f876b2a}</destination>
		</relationship>
		<relationship name="output">
			<destination>{5bf1c04f-e3de-433f-8f8a-54c977a923d8}</destination>
		</relationship>
	</object>
	<object class="EventAutomatableProperties" id="{f78d078e-f6ef-422e-a175-7284192241b0}" />
	<object class="MarkerTrack" id="{354e5fbc-edff-4c11-bd1b-50109890c560}" />
	<object class="GroupTrack" id="{fe7c6e7d-2ae4-4888-bb04-f3a7b537738b}">
		<relationship name="automationTracks">
			<destination>{d1d61b81-24a5-4960-b0f3-09ae4b5192e4}</destination>
		</relationship>
		<relationship name="modules">
			<destination>{334ae0d4-9356-4289-b7a6-f42a3c08f812}</destination>
		</relationship>
		<relationship name="mixerGroup">
			<destination>{3cc82462-3611-485f-bb2d-404197fbbf5c}</destination>
		</relationship>
	</object>
	<object class="GroupTrack" id="{f7006fec-62e1-4fcc-8186-245e4c86e8c5}">
		<relationship name="automationTracks">
			<destination>{cb76cc2f-de99-4615-b4a1-ecb6f8be8ac7}</destination>
			<destination>{c9fb4a4d-70e9-4cc9-b7b4-11059aabb6a1}</destination>
			<destination>{5aafee36-6246-49aa-bf9f-3e0bfbb9b9bf}</destination>
			<destination>{758d6d8f-d008-4dfe-9728-a22b790a8be0}</destination>
		</relationship>
		<relationship name="modules">
			<destination>{5f3fed64-635a-4a0c-a62d-fb32f78d2589}</destination>
		</relationship>
		<relationship name="mixerGroup">
			<destination>{ac22a89f-d26a-4b1a-9558-f5e25884fdf3}</destination>
		</relationship>
	</object>
	<object class="GroupTrack" id="{3e7f894b-da45-4bff-b756-2dd96fc811d1}">
		<relationship name="automationTracks">
			<destination>{c48d29fc-4c9f-4bed-b3d2-e6b66b8f01a6}</destination>
			<destination>{e80f02ca-39dd-4876-9c2f-2fadc3d0cc77}</destination>
			<destination>{f9776c66-c346-4ce9-825d-7d79fa051a82}</destination>
			<destination>{b885e4de-e016-4738-a57c-fba4aab958be}</destination>
		</relationship>
		<relationship name="modules">
			<destination>{f63f5600-1dd9-4ede-bd06-4b16fdcc51f0}</destination>
		</relationship>
		<relationship name="mixerGroup">
			<destination>{b9e01cc0-4a8c-4f9a-a989-dff3386c1b7b}</destination>
		</relationship>
	</object>
	<object class="GroupTrack" id="{d82c8fc9-a7aa-49d3-97ba-42aea8977de6}">
		<relationship name="automationTracks">
			<destination>{43076fb0-f1a1-45bb-98c6-9776b6d1b47d}</destination>
			<destination>{b1fd9db9-ed33-40fa-9b88-4b9923b20010}</destination>
		</relationship>
		<relationship name="modules">
			<destination>{84471bb0-6121-458d-9b63-3af606877b62}</destination>
		</relationship>
		<relationship name="mixerGroup">
			<destination>{ff668dce-3745-4646-8f92-359a94f1aa0a}</destination>
		</relationship>
	</object>
	<object class="Timeline" id="{0e2f2284-9828-4214-9a79-be5193d4d7e6}">
		<relationship name="modules">
			<destination>{334ae0d4-9356-4289-b7a6-f42a3c08f812}</destination>
			<destination>{5f3fed64-635a-4a0c-a62d-fb32f78d2589}</destination>
			<destination>{f63f5600-1dd9-4ede-bd06-4b16fdcc51f0}</destination>
			<destination>{84471bb0-6121-458d-9b63-3af606877b62}</destination>
		</relationship>
		<relationship name="markers">
			<destination>{4387fb60-e950-498e-b551-ec8638a02068}</destination>
		</relationship>
	</object>
	<object class="ParameterProxy" id="{92e21ecf-318f-4a7f-ad72-807cb3209947}">
		<relationship name="preset">
			<destination>{d60d03bc-0bdf-4bdd-877b-89133d4a2d21}</destination>
		</relationship>
	</object>
	<object class="EventMixerMaster" id="{8faddd26-da4a-4c93-8521-1323196fd38a}">
		<property name="volume">
			<value>-2.5</value>
		</property>
		<relationship name="effectChain">
			<destination>{77b0dad1-1731-42db-80f1-c31a82415acb}</destination>
		</relationship>
		<relationship name="panner">
			<destination>{6dcad96d-4e84-4647-afa2-708f832e9c54}</destination>
		</relationship>
		<relationship name="mixer">
			<destination>{e8c09bd2-361e-49ed-85e2-da0a2f1b5b0a}</destination>
		</relationship>
	</object>
	<object class="MixerBusEffectChain" id="{856c191d-c456-4f9f-b4e9-2b79f31b6246}">
		<relationship name="effects">
			<destination>{212c634d-b73e-4b9a-b695-31ce1a043cc3}</destination>
		</relationship>
	</object>
	<object class="MixerBusPanner" id="{7d894de8-5a07-4ce3-8f79-69bd2f876b2a}" />
	<object class="AutomationTrack" id="{d1d61b81-24a5-4960-b0f3-09ae4b5192e4}">
		<relationship name="automator">
			<destination>{aba8ce40-a490-42e6-b28e-8613569a3257}</destination>
		</relationship>
	</object>
	<object class="SingleSound" id="{334ae0d4-9356-4289-b7a6-f42a3c08f812}">
		<property name="length">
			<value>53.333333333333336</value>
		</property>
		<relationship name="audioFile">
			<destination>{922cc7d4-fb59-4558-a3ed-cdd6106e18e1}</destination>
		</relationship>
	</object>
	<object class="EventMixerGroup" id="{3cc82462-3611-485f-bb2d-404197fbbf5c}">
		<property name="name">
			<value>Audio 1</value>
		</property>
		<relationship name="automators">
			<destination>{aba8ce40-a490-42e6-b28e-8613569a3257}</destination>
		</relationship>
		<relationship name="effectChain">
			<destination>{e25e39ff-a31e-4403-9a4c-dedc3f45ce08}</destination>
		</relationship>
		<relationship name="panner">
			<destination>{403a6761-e3e8-442d-9f49-6fd405816693}</destination>
		</relationship>
		<relationship name="output">
			<destination>{8faddd26-da4a-4c93-8521-1323196fd38a}</destination>
		</relationship>
	</object>
	<object class="AutomationTrack" id="{cb76cc2f-de99-4615-b4a1-ecb6f8be8ac7}">
		<relationship name="automator">
			<destination>{37c11be2-877a-4488-9bee-db1b2f9dfb40}</destination>
		</relationship>
	</object>
	<object class="AutomationTrack" id="{c9fb4a4d-70e9-4cc9-b7b4-11059aabb6a1}">
		<relationship name="automator">
			<destination>{23650ceb-a0bf-402a-a6c7-0d593d06d915}</destination>
		</relationship>
	</object>
	<object class="AutomationTrack" id="{5aafee36-6246-49aa-bf9f-3e0bfbb9b9bf}">
		<relationship name="automator">
			<destination>{5679d1b4-588d-416e-9298-5850db4d26e5}</destination>
		</relationship>
	</object>
	<object class="AutomationTrack" id="{758d6d8f-d008-4dfe-9728-a22b790a8be0}">
		<relationship name="automator">
			<destination>{2b668794-9aee-48f0-8c8b-64d6c7ec65d0}</destination>
		</relationship>
	</object>
	<object class="SingleSound" id="{5f3fed64-635a-4a0c-a62d-fb32f78d2589}">
		<property name="length">
			<value>53.333333333333336</value>
		</property>
		<relationship name="audioFile">
			<destination>{c0db182e-3127-4e7e-b869-ece6fc0de4c6}</destination>
		</relationship>
	</object>
	<object class="EventMixerGroup" id="{ac22a89f-d26a-4b1a-9558-f5e25884fdf3}">
		<property name="name">
			<value>Audio 2</value>
		</property>
		<relationship name="automators">
			<destination>{37c11be2-877a-4488-9bee-db1b2f9dfb40}</destination>
		</relationship>
		<relationship name="effectChain">
			<destination>{0e71dd49-b4b8-4f00-a7e6-c5bcc5fdac59}</destination>
		</relationship>
		<relationship name="panner">
			<destination>{5edc24dd-8da0-4d07-83b0-98fffe918ab9}</destination>
		</relationship>
		<relationship name="output">
			<destination>{8faddd26-da4a-4c93-8521-1323196fd38a}</destination>
		</relationship>
	</object>
	<object class="AutomationTrack" id="{c48d29fc-4c9f-4bed-b3d2-e6b66b8f01a6}">
		<relationship name="automator">
			<destination>{0172d814-fbaf-4768-b762-56bc0ddc7727}</destination>
		</relationship>
	</object>
	<object class="AutomationTrack" id="{e80f02ca-39dd-4876-9c2f-2fadc3d0cc77}">
		<relationship name="automator">
			<destination>{6bdac37d-8c72-40f4-b912-049a97d16d53}</destination>
		</relationship>
	</object>
	<object class="AutomationTrack" id="{f9776c66-c346-4ce9-825d-7d79fa051a82}">
		<relationship name="automator">
			<destination>{a7565b5b-0ca3-4ed6-83d3-de49929c13b1}</destination>
		</relationship>
	</object>
	<object class="AutomationTrack" id="{b885e4de-e016-4738-a57c-fba4aab958be}">
		<relationship name="automator">
			<destination>{b43aa4f1-9935-4d49-bebb-114149c3576f}</destination>
		</relationship>
	</object>
	<object class="SingleSound" id="{f63f5600-1dd9-4ede-bd06-4b16fdcc51f0}">
		<property name="length">
			<value>53.333333333333336</value>
		</property>
		<relationship name="audioFile">
			<destination>{05a32e51-9c29-4ea7-b596-51c0e9f04cc4}</destination>
		</relationship>
	</object>
	<object class="EventMixerGroup" id="{b9e01cc0-4a8c-4f9a-a989-dff3386c1b7b}">
		<property name="name">
			<value>Audio 3</value>
		</property>
		<relationship name="automators">
			<destination>{0172d814-fbaf-4768-b762-56bc0ddc7727}</destination>
		</relationship>
		<relationship name="effectChain">
			<destination>{d18916d5-b857-4a3b-9f3c-4933690396c8}</destination>
		</relationship>
		<relationship name="panner">
			<destination>{b65095d2-290a-4893-8295-0eab8bfdb1f9}</destination>
		</relationship>
		<relationship name="output">
			<destination>{8faddd26-da4a-4c93-8521-1323196fd38a}</destination>
		</relationship>
	</object>
	<object class="AutomationTrack" id="{43076fb0-f1a1-45bb-98c6-9776b6d1b47d}">
		<relationship name="automator">
			<destination>{ad6791af-f9bf-4662-9ab7-223843473bd6}</destination>
		</relationship>
	</object>
	<object class="AutomationTrack" id="{b1fd9db9-ed33-40fa-9b88-4b9923b20010}">
		<relationship name="automator">
			<destination>{dd8ea91a-ca21-4ba1-a97f-cf3a96fcfa5e}</destination>
		</relationship>
	</object>
	<object class="SingleSound" id="{84471bb0-6121-458d-9b63-3af606877b62}">
		<property name="length">
			<value>53.333333333333336</value>
		</property>
		<relationship name="audioFile">
			<destination>{baabd911-7e8f-4c30-bdc6-24d8399d30c4}</destination>
		</relationship>
	</object>
	<object class="EventMixerGroup" id="{ff668dce-3745-4646-8f92-359a94f1aa0a}">
		<property name="name">
			<value>Audio 4</value>
		</property>
		<relationship name="automators">
			<destination>{ad6791af-f9bf-4662-9ab7-223843473bd6}</destination>
		</relationship>
		<relationship name="effectChain">
			<destination>{edef1b56-508a-495f-8985-4c8b6b00e40e}</destination>
		</relationship>
		<relationship name="panner">
			<destination>{930679ec-7885-4382-9cef-3e5f270881d8}</destination>
		</relationship>
		<relationship name="output">
			<destination>{8faddd26-da4a-4c93-8521-1323196fd38a}</destination>
		</relationship>
	</object>
	<object class="LoopRegion" id="{4387fb60-e950-498e-b551-ec8638a02068}">
		<property name="position">
			<value>0</value>
		</property>
		<property name="length">
			<value>53.333333333333336</value>
		</property>
		<relationship name="timeline">
			<destination>{0e2f2284-9828-4214-9a79-be5193d4d7e6}</destination>
		</relationship>
		<relationship name="markerTrack">
			<destination>{354e5fbc-edff-4c11-bd1b-50109890c560}</destination>
		</relationship>
	</object>
	<object class="MixerBusEffectChain" id="{77b0dad1-1731-42db-80f1-c31a82415acb}">
		<relationship name="effects">
			<destination>{43b6e386-b609-49cb-8f31-c8d9cc168e03}</destination>
			<destination>{228675dc-698f-4a5d-8241-40ada16f3c9c}</destination>
			<destination>{d080fd9b-a8d2-4a52-b05d-f1275c275065}</destination>
		</relationship>
	</object>
	<object class="MixerBusPanner" id="{6dcad96d-4e84-4647-afa2-708f832e9c54}" />
	<object class="MixerBusFader" id="{212c634d-b73e-4b9a-b695-31ce1a043cc3}" />
	<object class="Automator" id="{aba8ce40-a490-42e6-b28e-8613569a3257}">
		<property name="nameOfPropertyBeingAutomated">
			<value>volume</value>
		</property>
		<relationship name="automationCurves">
			<destination>{3179f5bb-fc95-4e36-9f33-3db60f116a37}</destination>
		</relationship>
	</object>
	<object class="MixerBusEffectChain" id="{e25e39ff-a31e-4403-9a4c-dedc3f45ce08}">
		<relationship name="effects">
			<destination>{6182af71-022a-49dd-90fa-1fe9519dee13}</destination>
			<destination>{80f5b42f-87b3-406d-9b01-b870c4d072e3}</destination>
		</relationship>
	</object>
	<object class="MixerBusPanner" id="{403a6761-e3e8-442d-9f49-6fd405816693}" />
	<object class="Automator" id="{37c11be2-877a-4488-9bee-db1b2f9dfb40}">
		<property name="nameOfPropertyBeingAutomated">
			<value>volume</value>
		</property>
		<relationship name="automationCurves">
			<destination>{c110c8c1-0847-42b3-b169-185c5fed89f7}</destination>
		</relationship>
	</object>
	<object class="MixerBusEffectChain" id="{0e71dd49-b4b8-4f00-a7e6-c5bcc5fdac59}">
		<relationship name="effects">
			<destination>{4d6cb78a-130f-45a7-9242-0f66f430f6c2}</destination>
			<destination>{25806c4d-c810-45a1-87f9-933337d787d0}</destination>
			<destination>{515499bb-26b8-425e-a444-bf4b2e83a7d0}</destination>
		</relationship>
	</object>
	<object class="MixerBusPanner" id="{5edc24dd-8da0-4d07-83b0-98fffe918ab9}">
		<relationship name="automators">
			<destination>{5679d1b4-588d-416e-9298-5850db4d26e5}</destination>
		</relationship>
	</object>
	<object class="Automator" id="{0172d814-fbaf-4768-b762-56bc0ddc7727}">
		<property name="nameOfPropertyBeingAutomated">
			<value>volume</value>
		</property>
		<relationship name="automationCurves">
			<destination>{fe284b70-c54a-4099-af23-3f24b875a597}</destination>
		</relationship>
	</object>
	<object class="MixerBusEffectChain" id="{d18916d5-b857-4a3b-9f3c-4933690396c8}">
		<relationship name="effects">
			<destination>{0b76c5bb-4204-4d9c-a70f-34eed687a7d5}</destination>
			<destination>{b1d7ef66-ecb9-4f90-8d44-52fb3c077da0}</destination>
			<destination>{1885b041-f292-43d4-9c42-514358f4a64b}</destination>
		</relationship>
	</object>
	<object class="MixerBusPanner" id="{b65095d2-290a-4893-8295-0eab8bfdb1f9}">
		<property name="stereoPan">
			<value>-40</value>
		</property>
		<relationship name="automators">
			<destination>{b43aa4f1-9935-4d49-bebb-114149c3576f}</destination>
		</relationship>
	</object>
	<object class="Automator" id="{ad6791af-f9bf-4662-9ab7-223843473bd6}">
		<property name="nameOfPropertyBeingAutomated">
			<value>volume</value>
		</property>
		<relationship name="automationCurves">
			<destination>{99d5153e-0054-4fe9-8dd1-9a4e5bbdccf8}</destination>
		</relationship>
	</object>
	<object class="MixerBusEffectChain" id="{edef1b56-508a-495f-8985-4c8b6b00e40e}">
		<relationship name="effects">
			<destination>{7c703ee4-1732-4dcd-bac7-1e22c317ea2e}</destination>
		</relationship>
	</object>
	<object class="MixerBusPanner" id="{930679ec-7885-4382-9cef-3e5f270881d8}">
		<relationship name="automators">
			<destination>{dd8ea91a-ca21-4ba1-a97f-cf3a96fcfa5e}</destination>
		</relationship>
	</object>
	<object class="MultibandEqEffect" id="{43b6e386-b609-49cb-8f31-c8d9cc168e03}">
		<property name="filterTypeA">
			<value>6</value>
		</property>
		<property name="frequencyA">
			<value>38.8125801</value>
		</property>
		<property name="qualityA">
			<value>0.100000001</value>
		</property>
	</object>
	<object class="MixerBusFader" id="{228675dc-698f-4a5d-8241-40ada16f3c9c}" />
	<object class="LoudnessMeter" id="{d080fd9b-a8d2-4a52-b05d-f1275c275065}">
		<property name="loudnessTarget">
			<value>-16</value>
		</property>
	</object>
	<object class="AutomationCurve" id="{3179f5bb-fc95-4e36-9f33-3db60f116a37}">
		<relationship name="parameter">
			<destination>{d60d03bc-0bdf-4bdd-877b-89133d4a2d21}</destination>
		</relationship>
		<relationship name="automationPoints">
			<destination>{c7f57250-ddb2-425d-8bb0-8411f8de01d2}</destination>
			<destination>{6bcc2e14-1b57-4061-a47f-2646ad2d1a6d}</destination>
		</relationship>
	</object>
	<object class="MixerBusFader" id="{6182af71-022a-49dd-90fa-1fe9519dee13}" />
	<object class="DistortionEffect" id="{80f5b42f-87b3-406d-9b01-b870c4d072e3}">
		<property name="level">
			<value>0.125</value>
		</property>
	</object>
	<object class="AutomationCurve" id="{c110c8c1-0847-42b3-b169-185c5fed89f7}">
		<relationship name="parameter">
			<destination>{d60d03bc-0bdf-4bdd-877b-89133d4a2d21}</destination>
		</relationship>
		<relationship name="automationPoints">
			<destination>{48840ec4-c99f-486b-adeb-666eab0ff923}</destination>
		</relationship>
	</object>
	<object class="MultibandEqEffect" id="{4d6cb78a-130f-45a7-9242-0f66f430f6c2}">
		<property name="frequencyA">
			<value>199.44838</value>
		</property>
		<property name="qualityA">
			<value>0.680000007</value>
		</property>
		<relationship name="automators">
			<destination>{23650ceb-a0bf-402a-a6c7-0d593d06d915}</destination>
		</relationship>
	</object>
	<object class="MixerBusFader" id="{25806c4d-c810-45a1-87f9-933337d787d0}" />
	<object class="PitchShifterEffect" id="{515499bb-26b8-425e-a444-bf4b2e83a7d0}">
		<property name="pitch">
			<value>0.98999995</value>
		</property>
		<property name="fftSize">
			<value>4096</value>
		</property>
		<property name="overlap">
			<value>20</value>
		</property>
		<relationship name="automators">
			<destination>{2b668794-9aee-48f0-8c8b-64d6c7ec65d0}</destination>
		</relationship>
	</object>
	<object class="Automator" id="{5679d1b4-588d-416e-9298-5850db4d26e5}">
		<property name="nameOfPropertyBeingAutomated">
			<value>stereoPan</value>
		</property>
		<relationship name="automationCurves">
			<destination>{6b6dc5de-7281-4a9a-bbe2-9d08ab7a473d}</destination>
		</relationship>
	</object>
	<object class="AutomationCurve" id="{fe284b70-c54a-4099-af23-3f24b875a597}">
		<relationship name="parameter">
			<destination>{d60d03bc-0bdf-4bdd-877b-89133d4a2d21}</destination>
		</relationship>
		<relationship name="automationPoints">
			<destination>{f21ad058-61e3-4609-9fba-9caa4b71607f}</destination>
			<destination>{1675b78e-68fd-45b7-a1c3-a720e7f20d0b}</destination>
		</relationship>
	</object>
	<object class="MultibandEqEffect" id="{0b76c5bb-4204-4d9c-a70f-34eed687a7d5}">
		<property name="frequencyA">
			<value>199.44838</value>
		</property>
		<property name="qualityA">
			<value>0.680000007</value>
		</property>
		<relationship name="automators">
			<destination>{6bdac37d-8c72-40f4-b912-049a97d16d53}</destination>
		</relationship>
	</object>
	<object class="MixerBusFader" id="{b1d7ef66-ecb9-4f90-8d44-52fb3c077da0}" />
	<object class="PitchShifterEffect" id="{1885b041-f292-43d4-9c42-514358f4a64b}">
		<relationship name="automators">
			<destination>{a7565b5b-0ca3-4ed6-83d3-de49929c13b1}</destination>
		</relationship>
	</object>
	<object class="Automator" id="{b43aa4f1-9935-4d49-bebb-114149c3576f}">
		<property name="nameOfPropertyBeingAutomated">
			<value>stereoPan</value>
		</property>
		<relationship name="automationCurves">
			<destination>{476678c2-2918-4595-bfb4-4b15cc196a79}</destination>
		</relationship>
	</object>
	<object class="AutomationCurve" id="{99d5153e-0054-4fe9-8dd1-9a4e5bbdccf8}">
		<relationship name="parameter">
			<destination>{d60d03bc-0bdf-4bdd-877b-89133d4a2d21}</destination>
		</relationship>
		<relationship name="automationPoints">
			<destination>{df759762-7307-4a2d-be85-8f8cfecc55fb}</destination>
			<destination>{294f3f06-b4bb-47c1-87da-632966f01e9a}</destination>
		</relationship>
	</object>
	<object class="MixerBusFader" id="{7c703ee4-1732-4dcd-bac7-1e22c317ea2e}" />
	<object class="Automator" id="{dd8ea91a-ca21-4ba1-a97f-cf3a96fcfa5e}">
		<property name="nameOfPropertyBeingAutomated">
			<value>stereoPan</value>
		</property>
		<relationship name="automationCurves">
			<destination>{aa37900a-df7e-456b-b1a5-8ec3a866a4b2}</destination>
		</relationship>
	</object>
	<object class="AutomationPoint" id="{c7f57250-ddb2-425d-8bb0-8411f8de01d2}">
		<property name="position">
			<value>60</value>
		</property>
		<property name="value">
			<value>1</value>
		</property>
		<property name="curveShape">
			<value>0.254190236</value>
		</property>
	</object>
	<object class="AutomationPoint" id="{6bcc2e14-1b57-4061-a47f-2646ad2d1a6d}">
		<property name="position">
			<value>102</value>
		</property>
		<property name="value">
			<value>-46</value>
		</property>
	</object>
	<object class="AutomationPoint" id="{48840ec4-c99f-486b-adeb-666eab0ff923}">
		<property name="position">
			<value>48.223140495867767</value>
		</property>
		<property name="value">
			<value>5</value>
		</property>
	</object>
	<object class="Automator" id="{23650ceb-a0bf-402a-a6c7-0d593d06d915}">
		<property name="nameOfPropertyBeingAutomated">
			<value>frequencyA</value>
		</property>
		<relationship name="automationCurves">
			<destination>{d3a70525-99af-4e13-881b-59dbd9b9fd01}</destination>
		</relationship>
	</object>
	<object class="Automator" id="{2b668794-9aee-48f0-8c8b-64d6c7ec65d0}">
		<property name="nameOfPropertyBeingAutomated">
			<value>pitch</value>
		</property>
		<relationship name="automationCurves">
			<destination>{2c572249-cfb3-4f51-807f-26f776f20604}</destination>
		</relationship>
	</object>
	<object class="AutomationCurve" id="{6b6dc5de-7281-4a9a-bbe2-9d08ab7a473d}">
		<relationship name="parameter">
			<destination>{d60d03bc-0bdf-4bdd-877b-89133d4a2d21}</destination>
		</relationship>
		<relationship name="automationPoints">
			<destination>{fb42a02a-9ed3-4255-8162-7996a53414f6}</destination>
			<destination>{afeb6353-7d0e-4813-bc30-f5f7e39d2a4b}</destination>
			<destination>{1982a7ac-8467-47a3-93d0-29d439d0844d}</destination>
			<destination>{00ace9de-4545-42f6-8d70-aab640ca502c}</destination>
		</relationship>
	</object>
	<object class="AutomationPoint" id="{f21ad058-61e3-4609-9fba-9caa4b71607f}">
		<property name="position">
			<value>30.039327443716157</value>
		</property>
		<property name="value">
			<value>0</value>
		</property>
	</object>
	<object class="AutomationPoint" id="{1675b78e-68fd-45b7-a1c3-a720e7f20d0b}">
		<property name="position">
			<value>31</value>
		</property>
		<property name="value">
			<value>-80</value>
		</property>
	</object>
	<object class="Automator" id="{6bdac37d-8c72-40f4-b912-049a97d16d53}">
		<property name="nameOfPropertyBeingAutomated">
			<value>frequencyA</value>
		</property>
		<relationship name="automationCurves">
			<destination>{332581c8-a5d5-481f-a0e5-d8c235b30615}</destination>
		</relationship>
	</object>
	<object class="Automator" id="{a7565b5b-0ca3-4ed6-83d3-de49929c13b1}">
		<property name="nameOfPropertyBeingAutomated">
			<value>pitch</value>
		</property>
		<relationship name="automationCurves">
			<destination>{f93aa426-3c98-402c-9c01-b9ffcc7dfb41}</destination>
		</relationship>
	</object>
	<object class="AutomationCurve" id="{476678c2-2918-4595-bfb4-4b15cc196a79}">
		<relationship name="parameter">
			<destination>{d60d03bc-0bdf-4bdd-877b-89133d4a2d21}</destination>
		</relationship>
		<relationship name="automationPoints">
			<destination>{0c300261-d2cd-4e9b-b4a8-5f97506e97d1}</destination>
			<destination>{6f437e7d-f71f-4879-a713-44740a401392}</destination>
		</relationship>
	</object>
	<object class="AutomationPoint" id="{df759762-7307-4a2d-be85-8f8cfecc55fb}">
		<property name="position">
			<value>90</value>
		</property>
		<property name="value">
			<value>0</value>
		</property>
	</object>
	<object class="AutomationPoint" id="{294f3f06-b4bb-47c1-87da-632966f01e9a}">
		<property name="position">
			<value>91</value>
		</property>
		<property name="value">
			<value>-80</value>
		</property>
	</object>
	<object class="AutomationCurve" id="{aa37900a-df7e-456b-b1a5-8ec3a866a4b2}">
		<relationship name="parameter">
			<destination>{0e2f2284-9828-4214-9a79-be5193d4d7e6}</destination>
		</relationship>
		<relationship name="automationPoints">
			<destination>{56c19727-1500-4de1-a14f-61dc9987c3ef}</destination>
			<destination>{fd281b21-9bc3-4a24-b40f-2357370f6dcd}</destination>
		</relationship>
	</object>
	<object class="AutomationCurve" id="{d3a70525-99af-4e13-881b-59dbd9b9fd01}">
		<relationship name="parameter">
			<destination>{d60d03bc-0bdf-4bdd-877b-89133d4a2d21}</destination>
		</relationship>
		<relationship name="automationPoints">
			<destination>{248a032f-21e3-4c29-a61a-6b97920d06e2}</destination>
			<destination>{a8f85366-0f3e-44a5-b402-8d407d5c72d2}</destination>
		</relationship>
	</object>
	<object class="AutomationCurve" id="{2c572249-cfb3-4f51-807f-26f776f20604}">
		<relationship name="parameter">
			<destination>{d60d03bc-0bdf-4bdd-877b-89133d4a2d21}</destination>
		</relationship>
		<relationship name="automationPoints">
			<destination>{270b0a74-3bc9-48c6-b80f-e0e55c087a6e}</destination>
			<destination>{61556469-bc72-4db1-9d13-4219682d39fe}</destination>
			<destination>{e0d72068-75de-4784-8473-c82b3106510f}</destination>
		</relationship>
	</object>
	<object class="AutomationPoint" id="{fb42a02a-9ed3-4255-8162-7996a53414f6}">
		<property name="position">
			<value>28.5</value>
		</property>
		<property name="value">
			<value>40</value>
		</property>
	</object>
	<object class="AutomationPoint" id="{afeb6353-7d0e-4813-bc30-f5f7e39d2a4b}">
		<property name="position">
			<value>30.111570247933884</value>
		</property>
		<property name="value">
			<value>0</value>
		</property>
	</object>
	<object class="AutomationPoint" id="{1982a7ac-8467-47a3-93d0-29d439d0844d}">
		<property name="position">
			<value>4.0107580507267029</value>
		</property>
		<property name="value">
			<value>40</value>
		</property>
	</object>
	<object class="AutomationPoint" id="{00ace9de-4545-42f6-8d70-aab640ca502c}">
		<property name="position">
			<value>3.6691008834425762</value>
		</property>
		<property name="value">
			<value>0</value>
		</property>
	</object>
	<object class="AutomationCurve" id="{332581c8-a5d5-481f-a0e5-d8c235b30615}">
		<relationship name="parameter">
			<destination>{d60d03bc-0bdf-4bdd-877b-89133d4a2d21}</destination>
		</relationship>
		<relationship name="automationPoints">
			<destination>{15c3352c-2c11-4b4d-ad86-1757a1b05aba}</destination>
			<destination>{53c67621-8b78-4171-9e1c-724c8001b93d}</destination>
		</relationship>
	</object>
	<object class="AutomationCurve" id="{f93aa426-3c98-402c-9c01-b9ffcc7dfb41}">
		<relationship name="parameter">
			<destination>{d60d03bc-0bdf-4bdd-877b-89133d4a2d21}</destination>
		</relationship>
		<relationship name="automationPoints">
			<destination>{56f6638e-1dfd-4cef-86fb-8135dfc1c271}</destination>
			<destination>{fae5682e-e600-457f-91c7-cb265b5dd07e}</destination>
		</relationship>
	</object>
	<object class="AutomationPoint" id="{0c300261-d2cd-4e9b-b4a8-5f97506e97d1}">
		<property name="position">
			<value>4.0404673696209752</value>
		</property>
		<property name="value">
			<value>-40.0000038</value>
		</property>
	</object>
	<object class="AutomationPoint" id="{6f437e7d-f71f-4879-a713-44740a401392}">
		<property name="position">
			<value>3.7433741806782561</value>
		</property>
		<property name="value">
			<value>0</value>
		</property>
	</object>
	<object class="AutomationPoint" id="{56c19727-1500-4de1-a14f-61dc9987c3ef}">
		<property name="position">
			<value>20</value>
		</property>
		<property name="value">
			<value>-100</value>
		</property>
	</object>
	<object class="AutomationPoint" id="{fd281b21-9bc3-4a24-b40f-2357370f6dcd}">
		<property name="position">
			<value>39</value>
		</property>
		<property name="value">
			<value>100</value>
		</property>
	</object>
	<object class="AutomationPoint" id="{248a032f-21e3-4c29-a61a-6b97920d06e2}">
		<property name="position">
			<value>114</value>
		</property>
		<property name="value">
			<value>200</value>
		</property>
	</object>
	<object class="AutomationPoint" id="{a8f85366-0f3e-44a5-b402-8d407d5c72d2}">
		<property name="position">
			<value>102</value>
		</property>
		<property name="value">
			<value>22000</value>
		</property>
		<property name="curveShape">
			<value>-0.556443393</value>
		</property>
	</object>
	<object class="AutomationPoint" id="{270b0a74-3bc9-48c6-b80f-e0e55c087a6e}">
		<property name="position">
			<value>4</value>
		</property>
		<property name="value">
			<value>1</value>
		</property>
		<property name="curveShape">
			<value>-0.387221605</value>
		</property>
	</object>
	<object class="AutomationPoint" id="{61556469-bc72-4db1-9d13-4219682d39fe}">
		<property name="position">
			<value>0.85889570552147243</value>
		</property>
		<property name="value">
			<value>0.5</value>
		</property>
		<property name="curveShape">
			<value>0.332974643</value>
		</property>
	</object>
	<object class="AutomationPoint" id="{e0d72068-75de-4784-8473-c82b3106510f}">
		<property name="position">
			<value>119.62809917355372</value>
		</property>
		<property name="value">
			<value>1</value>
		</property>
	</object>
	<object class="AutomationPoint" id="{15c3352c-2c11-4b4d-ad86-1757a1b05aba}">
		<property name="position">
			<value>114</value>
		</property>
		<property name="value">
			<value>200</value>
		</property>
	</object>
	<object class="AutomationPoint" id="{53c67621-8b78-4171-9e1c-724c8001b93d}">
		<property name="position">
			<value>102</value>
		</property>
		<property name="value">
			<value>22000</value>
		</property>
		<property name="curveShape">
			<value>-0.556443393</value>
		</property>
	</object>
	<object class="AutomationPoint" id="{56f6638e-1dfd-4cef-86fb-8135dfc1c271}">
		<property name="position">
			<value>0.73619631901840488</value>
		</property>
		<property name="value">
			<value>0.5</value>
		</property>
		<property name="curveShape">
			<value>0.387221605</value>
		</property>
	</object>
	<object class="AutomationPoint" id="{fae5682e-e600-457f-91c7-cb265b5dd07e}">
		<property name="position">
			<value>4</value>
		</property>
		<property name="value">
			<value>1</value>
		</property>
	</object>
</objects>
