<?xml version="1.0" encoding="UTF-8"?>
<objects serializationModel="Studio.02.02.00">
	<object class="Workspace" id="{d9e1a2d9-f148-4202-b2e5-945a52e6ff05}">
		<relationship name="projectSettings">
			<destination>{8f725dfa-0e53-4960-b016-85d58b519423}</destination>
		</relationship>
		<relationship name="changelist">
			<destination>{d82d2938-d838-40ce-8318-3a43d7066b4f}</destination>
		</relationship>
	</object>
	<object class="ProjectSettings" id="{8f725dfa-0e53-4960-b016-85d58b519423}">
		<relationship name="activePlatform">
			<destination>{2f244fac-b04f-4793-904f-3fd89a384326}</destination>
		</relationship>
	</object>
	<object class="WorkspaceChangelist" id="{d82d2938-d838-40ce-8318-3a43d7066b4f}" />
</objects>
