<?xml version="1.0" encoding="UTF-8"?>
<objects serializationModel="Studio.02.02.00">
	<object class="Workspace" id="{910743fe-5b9b-4cf1-893e-cd336ef20a90}">
		<relationship name="projectSettings">
			<destination>{480077b8-0d09-4408-ab7f-4317189b1af9}</destination>
		</relationship>
	</object>
	<object class="ProjectSettings" id="{480077b8-0d09-4408-ab7f-4317189b1af9}">
		<relationship name="activePlatform">
			<destination>{913c9e05-75c6-4fa5-b667-dd2b4e74b85c}</destination>
		</relationship>
	</object>
</objects>
