<?xml version="1.0" encoding="UTF-8"?>
<objects serializationModel="Studio.02.02.00">
	<object class="AudioFile" id="{894943be-222b-4599-bd06-27b50f87564e}">
		<property name="assetPath">
			<value>piano.wav</value>
		</property>
		<property name="isStreaming">
			<value>true</value>
		</property>
		<property name="frequencyInKHz">
			<value>44.0999985</value>
		</property>
		<property name="channelCount">
			<value>2</value>
		</property>
		<property name="length">
			<value>53.333333333333336</value>
		</property>
		<relationship name="masterAssetFolder">
			<destination>{94a65e99-1e12-4048-bcdb-375f1ba8216d}</destination>
		</relationship>
	</object>
</objects>
