<?xml version="1.0" encoding="UTF-8"?>
<objects serializationModel="Studio.02.02.00">
	<object class="EncodingSetting" id="{fe7db907-488f-478b-98fe-be53040f51a2}">
		<property name="encodingFormat">
			<value>3</value>
		</property>
		<property name="quality">
			<value>37</value>
		</property>
		<relationship name="platform">
			<destination>{56d77633-893b-4d4f-996c-112f5b00958b}</destination>
		</relationship>
		<relationship name="encodable">
			<destination>{56d77633-893b-4d4f-996c-112f5b00958b}</destination>
		</relationship>
	</object>
</objects>
