<?xml version="1.0" encoding="UTF-8"?>
<objects serializationModel="Studio.02.02.00">
	<object class="ParameterPreset" id="{7c16a629-96d7-4e28-bf48-3479c1e5632b}">
		<property name="name">
			<value>Timer</value>
		</property>
		<relationship name="folder">
			<destination>{2b5a80ef-f3c6-47b4-a690-94fdb341f228}</destination>
		</relationship>
		<relationship name="parameter">
			<destination>{325c8f7b-76c8-4e63-be16-b9749b223d9f}</destination>
		</relationship>
	</object>
	<object class="GameParameter" id="{325c8f7b-76c8-4e63-be16-b9749b223d9f}">
		<property name="maximum">
			<value>120</value>
		</property>
		<property name="initialValue">
			<value>0</value>
		</property>
		<property name="seekSpeed">
			<value>1</value>
		</property>
		<property name="seekSpeedDescending">
			<value>1</value>
		</property>
		<property name="seekSpeedAsymmetric">
			<value>true</value>
		</property>
	</object>
</objects>
