<?xml version="1.0" encoding="UTF-8"?>
<objects serializationModel="Studio.02.02.00">
	<object class="Event" id="{1c3ab17c-ffeb-4f40-ae2b-50397a66a3be}">
		<property name="name">
			<value>Pad</value>
		</property>
		<property name="outputFormat">
			<value>1</value>
		</property>
		<relationship name="folder">
			<destination>{e798fcf9-b4da-4a82-9f35-172a2ec8e553}</destination>
		</relationship>
		<relationship name="mixer">
			<destination>{2a6ef316-f055-4dbc-92ea-0574b7533f73}</destination>
		</relationship>
		<relationship name="masterTrack">
			<destination>{29ce2471-cfef-4fd4-b338-7b8a966f6eed}</destination>
		</relationship>
		<relationship name="mixerInput">
			<destination>{50338d45-55bb-473f-b097-e9bf509fb110}</destination>
		</relationship>
		<relationship name="automatableProperties">
			<destination>{1ef1d73a-995f-44fa-9a69-26605cb16e82}</destination>
		</relationship>
		<relationship name="markerTracks">
			<destination>{7cfbc62f-df9b-414c-be9b-209bae89c995}</destination>
		</relationship>
		<relationship name="groupTracks">
			<destination>{6bea304a-2392-4aa8-a9f4-76482eeb16ab}</destination>
		</relationship>
		<relationship name="timeline">
			<destination>{55f5f9c5-140d-48dc-bfe3-385001965dee}</destination>
		</relationship>
	</object>
	<object class="EventMixer" id="{2a6ef316-f055-4dbc-92ea-0574b7533f73}">
		<relationship name="masterBus">
			<destination>{f9104f76-8f95-4e88-9a55-881cf2e9a0a6}</destination>
		</relationship>
	</object>
	<object class="MasterTrack" id="{29ce2471-cfef-4fd4-b338-7b8a966f6eed}">
		<relationship name="mixerGroup">
			<destination>{f9104f76-8f95-4e88-9a55-881cf2e9a0a6}</destination>
		</relationship>
	</object>
	<object class="MixerInput" id="{50338d45-55bb-473f-b097-e9bf509fb110}">
		<relationship name="effectChain">
			<destination>{b42eb237-c913-4be4-a2c4-2423357b7f52}</destination>
		</relationship>
		<relationship name="panner">
			<destination>{246b7544-d9dc-40ef-809f-a940330feaa0}</destination>
		</relationship>
	</object>
	<object class="EventAutomatableProperties" id="{1ef1d73a-995f-44fa-9a69-26605cb16e82}" />
	<object class="MarkerTrack" id="{7cfbc62f-df9b-414c-be9b-209bae89c995}" />
	<object class="GroupTrack" id="{6bea304a-2392-4aa8-a9f4-76482eeb16ab}">
		<relationship name="modules">
			<destination>{18e81b39-cce8-4f20-9d1f-086e3362bc69}</destination>
		</relationship>
		<relationship name="mixerGroup">
			<destination>{a060d23e-8c97-44aa-8094-71622ea32759}</destination>
		</relationship>
	</object>
	<object class="Timeline" id="{55f5f9c5-140d-48dc-bfe3-385001965dee}">
		<relationship name="modules">
			<destination>{18e81b39-cce8-4f20-9d1f-086e3362bc69}</destination>
		</relationship>
	</object>
	<object class="EventMixerMaster" id="{f9104f76-8f95-4e88-9a55-881cf2e9a0a6}">
		<relationship name="effectChain">
			<destination>{a40f9590-6e75-40bf-b870-b2fc1bbebcae}</destination>
		</relationship>
		<relationship name="panner">
			<destination>{08698cf5-b337-4c53-9efb-3c0dc4808583}</destination>
		</relationship>
		<relationship name="mixer">
			<destination>{2a6ef316-f055-4dbc-92ea-0574b7533f73}</destination>
		</relationship>
	</object>
	<object class="MixerBusEffectChain" id="{b42eb237-c913-4be4-a2c4-2423357b7f52}">
		<relationship name="effects">
			<destination>{33cc5218-0015-41f1-b389-18beb6f782f6}</destination>
		</relationship>
	</object>
	<object class="MixerBusPanner" id="{246b7544-d9dc-40ef-809f-a940330feaa0}" />
	<object class="SingleSound" id="{18e81b39-cce8-4f20-9d1f-086e3362bc69}">
		<property name="length">
			<value>53.333333333333336</value>
		</property>
		<relationship name="audioFile">
			<destination>{407449f7-8051-45bf-bf1c-af12f1b5f844}</destination>
		</relationship>
	</object>
	<object class="EventMixerGroup" id="{a060d23e-8c97-44aa-8094-71622ea32759}">
		<property name="name">
			<value>Audio 1</value>
		</property>
		<relationship name="effectChain">
			<destination>{c39e316e-8fb7-426a-aa5d-78a8ea9b0b35}</destination>
		</relationship>
		<relationship name="panner">
			<destination>{8b7970d7-0f9d-4764-9804-aa74cac9b9fe}</destination>
		</relationship>
		<relationship name="output">
			<destination>{f9104f76-8f95-4e88-9a55-881cf2e9a0a6}</destination>
		</relationship>
	</object>
	<object class="MixerBusEffectChain" id="{a40f9590-6e75-40bf-b870-b2fc1bbebcae}">
		<relationship name="effects">
			<destination>{9d0a8066-a1c1-48f1-995d-010d17984505}</destination>
		</relationship>
	</object>
	<object class="MixerBusPanner" id="{08698cf5-b337-4c53-9efb-3c0dc4808583}" />
	<object class="MixerBusFader" id="{33cc5218-0015-41f1-b389-18beb6f782f6}" />
	<object class="MixerBusEffectChain" id="{c39e316e-8fb7-426a-aa5d-78a8ea9b0b35}">
		<relationship name="effects">
			<destination>{fa774d2b-0390-4dbf-8f1b-546ce783adc3}</destination>
		</relationship>
	</object>
	<object class="MixerBusPanner" id="{8b7970d7-0f9d-4764-9804-aa74cac9b9fe}" />
	<object class="MixerBusFader" id="{9d0a8066-a1c1-48f1-995d-010d17984505}" />
	<object class="MixerBusFader" id="{fa774d2b-0390-4dbf-8f1b-546ce783adc3}" />
</objects>
