<?xml version="1.0" encoding="UTF-8"?>
<objects serializationModel="Studio.02.02.00">
	<object class="Event" id="{855814eb-4854-47be-b408-591dcaf9166f}">
		<property name="name">
			<value>Piano</value>
		</property>
		<property name="outputFormat">
			<value>1</value>
		</property>
		<relationship name="folder">
			<destination>{e798fcf9-b4da-4a82-9f35-172a2ec8e553}</destination>
		</relationship>
		<relationship name="mixer">
			<destination>{49e8a6ed-5eda-4dda-b3b7-37a35471f858}</destination>
		</relationship>
		<relationship name="masterTrack">
			<destination>{4f3b4932-4356-4313-b56f-18b716b75d59}</destination>
		</relationship>
		<relationship name="mixerInput">
			<destination>{46f06734-1049-4e19-a3f6-55a790fcfb1a}</destination>
		</relationship>
		<relationship name="automatableProperties">
			<destination>{dfaac4d5-98f3-4846-a8f8-0ed4df8cdab5}</destination>
		</relationship>
		<relationship name="markerTracks">
			<destination>{2db7c188-cf11-4425-b1fa-090e6f9b08c2}</destination>
		</relationship>
		<relationship name="groupTracks">
			<destination>{11d560fd-50ec-4fb2-85cc-97d4e4663db7}</destination>
		</relationship>
		<relationship name="timeline">
			<destination>{112266bc-6710-44ed-ab73-ee045715740a}</destination>
		</relationship>
	</object>
	<object class="EventMixer" id="{49e8a6ed-5eda-4dda-b3b7-37a35471f858}">
		<relationship name="masterBus">
			<destination>{e2b36c35-4611-416c-81ce-f9c277290024}</destination>
		</relationship>
	</object>
	<object class="MasterTrack" id="{4f3b4932-4356-4313-b56f-18b716b75d59}">
		<relationship name="mixerGroup">
			<destination>{e2b36c35-4611-416c-81ce-f9c277290024}</destination>
		</relationship>
	</object>
	<object class="MixerInput" id="{46f06734-1049-4e19-a3f6-55a790fcfb1a}">
		<relationship name="effectChain">
			<destination>{073dcc3a-ed2c-4480-8603-587566e17e63}</destination>
		</relationship>
		<relationship name="panner">
			<destination>{7a8fd80f-d61d-4852-9641-73f392cd7a79}</destination>
		</relationship>
	</object>
	<object class="EventAutomatableProperties" id="{dfaac4d5-98f3-4846-a8f8-0ed4df8cdab5}" />
	<object class="MarkerTrack" id="{2db7c188-cf11-4425-b1fa-090e6f9b08c2}" />
	<object class="GroupTrack" id="{11d560fd-50ec-4fb2-85cc-97d4e4663db7}">
		<relationship name="modules">
			<destination>{ced2b05b-2163-4f3f-98bd-5f47f714ff4b}</destination>
		</relationship>
		<relationship name="mixerGroup">
			<destination>{a934abf6-0b29-4974-a248-8c6dbf4e9b2e}</destination>
		</relationship>
	</object>
	<object class="Timeline" id="{112266bc-6710-44ed-ab73-ee045715740a}">
		<relationship name="modules">
			<destination>{ced2b05b-2163-4f3f-98bd-5f47f714ff4b}</destination>
		</relationship>
	</object>
	<object class="EventMixerMaster" id="{e2b36c35-4611-416c-81ce-f9c277290024}">
		<relationship name="effectChain">
			<destination>{ea24005b-a250-47e0-b3f2-287bb683add7}</destination>
		</relationship>
		<relationship name="panner">
			<destination>{b94829b5-1c91-46ee-9757-317b766b11bc}</destination>
		</relationship>
		<relationship name="mixer">
			<destination>{49e8a6ed-5eda-4dda-b3b7-37a35471f858}</destination>
		</relationship>
	</object>
	<object class="MixerBusEffectChain" id="{073dcc3a-ed2c-4480-8603-587566e17e63}">
		<relationship name="effects">
			<destination>{fff5ecd0-b7ec-4232-aa30-f5ccce6f83ae}</destination>
		</relationship>
	</object>
	<object class="MixerBusPanner" id="{7a8fd80f-d61d-4852-9641-73f392cd7a79}" />
	<object class="SingleSound" id="{ced2b05b-2163-4f3f-98bd-5f47f714ff4b}">
		<property name="length">
			<value>53.333333333333336</value>
		</property>
		<relationship name="audioFile">
			<destination>{130c9625-4d7d-4893-bffe-e0f75e7a66f7}</destination>
		</relationship>
	</object>
	<object class="EventMixerGroup" id="{a934abf6-0b29-4974-a248-8c6dbf4e9b2e}">
		<property name="name">
			<value>Audio 1</value>
		</property>
		<relationship name="effectChain">
			<destination>{91c828e8-a575-4c2c-addc-efa6014bb90f}</destination>
		</relationship>
		<relationship name="panner">
			<destination>{36a99bec-46a3-49ba-abe1-8a19b5b2efd1}</destination>
		</relationship>
		<relationship name="output">
			<destination>{e2b36c35-4611-416c-81ce-f9c277290024}</destination>
		</relationship>
	</object>
	<object class="MixerBusEffectChain" id="{ea24005b-a250-47e0-b3f2-287bb683add7}">
		<relationship name="effects">
			<destination>{daeb9d7f-a3b7-4879-80fa-c0f473a6d8f7}</destination>
		</relationship>
	</object>
	<object class="MixerBusPanner" id="{b94829b5-1c91-46ee-9757-317b766b11bc}" />
	<object class="MixerBusFader" id="{fff5ecd0-b7ec-4232-aa30-f5ccce6f83ae}" />
	<object class="MixerBusEffectChain" id="{91c828e8-a575-4c2c-addc-efa6014bb90f}">
		<relationship name="effects">
			<destination>{7f13f13a-65e8-41c0-9825-def4e5375572}</destination>
		</relationship>
	</object>
	<object class="MixerBusPanner" id="{36a99bec-46a3-49ba-abe1-8a19b5b2efd1}" />
	<object class="MixerBusFader" id="{daeb9d7f-a3b7-4879-80fa-c0f473a6d8f7}" />
	<object class="MixerBusFader" id="{7f13f13a-65e8-41c0-9825-def4e5375572}" />
</objects>
