<?xml version="1.0" encoding="UTF-8"?>
<objects serializationModel="Studio.02.02.00">
	<object class="MixerMaster" id="{52aa60be-fe0e-46e9-a141-d3b53927a2b1}">
		<property name="name">
			<value>Master Bus</value>
		</property>
		<relationship name="effectChain">
			<destination>{2b08e450-5a9b-4504-8aa6-30f34a6635ca}</destination>
		</relationship>
		<relationship name="panner">
			<destination>{f184b924-e78c-4cac-bae3-963732ff8f21}</destination>
		</relationship>
		<relationship name="mixer">
			<destination>{87ea9cd0-4d17-4170-b3fb-28f4a15097ce}</destination>
		</relationship>
	</object>
	<object class="MixerBusEffectChain" id="{2b08e450-5a9b-4504-8aa6-30f34a6635ca}">
		<relationship name="effects">
			<destination>{d6ac9982-0ef6-4209-ad70-a6ebd260060d}</destination>
		</relationship>
	</object>
	<object class="MixerBusPanner" id="{f184b924-e78c-4cac-bae3-963732ff8f21}">
		<property name="overridingOutputFormat">
			<value>2</value>
		</property>
	</object>
	<object class="MixerBusFader" id="{d6ac9982-0ef6-4209-ad70-a6ebd260060d}" />
</objects>
