<?xml version="1.0" encoding="UTF-8"?>
<objects serializationModel="Studio.02.02.00">
	<object class="Workspace" id="{e3f635c7-e73c-45c8-ad5c-012491a5fb7d}">
		<relationship name="masterEventFolder">
			<destination>{d41522f5-3570-4c83-bf97-b78b2890d34f}</destination>
		</relationship>
		<relationship name="masterTagFolder">
			<destination>{a66da199-4065-45c0-9b7b-95fe7fa5e9cc}</destination>
		</relationship>
		<relationship name="masterEffectPresetFolder">
			<destination>{36a0d7af-cab2-457e-b3ec-90b426cdb2e7}</destination>
		</relationship>
		<relationship name="masterParameterPresetFolder">
			<destination>{c0271021-7e9c-430e-ac8f-9696972f0de8}</destination>
		</relationship>
		<relationship name="masterBankFolder">
			<destination>{d66bdbbf-76a6-4127-a299-8624555794d6}</destination>
		</relationship>
		<relationship name="masterSandboxFolder">
			<destination>{02733d2e-a0dd-45a9-8a39-4a6d05054237}</destination>
		</relationship>
		<relationship name="masterAssetFolder">
			<destination>{088b1713-e04a-47e9-855f-8a850aeedbb7}</destination>
		</relationship>
		<relationship name="mixer">
			<destination>{87ea9cd0-4d17-4170-b3fb-28f4a15097ce}</destination>
		</relationship>
		<relationship name="profilerSessionFolder">
			<destination>{221c5779-f351-4bdb-a906-26230c92a779}</destination>
		</relationship>
		<relationship name="platforms">
			<destination>{0234d751-769a-4435-a14a-63d0185e6270}</destination>
		</relationship>
	</object>
</objects>
