<?xml version="1.0" encoding="UTF-8"?>
<objects serializationModel="Studio.02.02.00">
	<object class="Workspace" id="{c6a1e80a-8d54-4dd4-81de-3691d0148076}">
		<relationship name="masterEventFolder">
			<destination>{d0e1848c-0085-4bf2-9e00-9e096654691f}</destination>
		</relationship>
		<relationship name="masterTagFolder">
			<destination>{183dce6f-b23d-4f51-a4a4-2d6e08b99c63}</destination>
		</relationship>
		<relationship name="masterEffectPresetFolder">
			<destination>{6ba8d56c-d2ad-474d-a72b-f03bde7fc46d}</destination>
		</relationship>
		<relationship name="masterParameterPresetFolder">
			<destination>{f5643c99-0e5e-4565-81be-5ac08dedcef1}</destination>
		</relationship>
		<relationship name="masterBankFolder">
			<destination>{72336d1e-4f7c-4cd1-930c-7b4b1d590bda}</destination>
		</relationship>
		<relationship name="masterSandboxFolder">
			<destination>{e13dbf14-0443-4796-a785-46d824a8265e}</destination>
		</relationship>
		<relationship name="masterAssetFolder">
			<destination>{c1819a6a-9388-4adb-8c96-3cc1972de305}</destination>
		</relationship>
		<relationship name="mixer">
			<destination>{8f44e49c-7d2f-481d-8cee-eb3c6925d051}</destination>
		</relationship>
		<relationship name="profilerSessionFolder">
			<destination>{b8d524d6-2698-4778-9c96-163e33e7de65}</destination>
		</relationship>
		<relationship name="platforms">
			<destination>{bf565011-b7c8-4610-a53c-7b914b402e39}</destination>
		</relationship>
	</object>
</objects>
