<?xml version="1.0" encoding="UTF-8"?>
<objects serializationModel="Studio.02.02.00">
	<object class="Event" id="{d4fd54af-c62f-4af0-aecf-73ef854ba749}">
		<property name="name">
			<value>layering</value>
		</property>
		<property name="outputFormat">
			<value>1</value>
		</property>
		<relationship name="folder">
			<destination>{02373712-e22e-4a32-90c2-19e2c53151b2}</destination>
		</relationship>
		<relationship name="mixer">
			<destination>{865a5f62-562e-4d7f-82c0-4500917933ec}</destination>
		</relationship>
		<relationship name="masterTrack">
			<destination>{c08a85f6-8ff8-40ba-87d7-681b719e34ca}</destination>
		</relationship>
		<relationship name="mixerInput">
			<destination>{d01fd4f4-2e27-4e2f-8877-6d945f48ebba}</destination>
		</relationship>
		<relationship name="automatableProperties">
			<destination>{8f43e7d3-a812-4fec-b41f-a87aa3693001}</destination>
		</relationship>
		<relationship name="markerTracks">
			<destination>{a719b232-5938-4055-906b-386558fb75fa}</destination>
		</relationship>
		<relationship name="groupTracks">
			<destination>{97603df1-5057-45a7-8398-ebc2466f9ae9}</destination>
			<destination>{3961f40e-4d15-4569-8501-b25b4ddb46a1}</destination>
			<destination>{3a97158d-7f13-471e-96d7-99dc1b1aec39}</destination>
			<destination>{3e2d8555-acf0-4a5b-9903-5f007d5e1ffc}</destination>
		</relationship>
		<relationship name="timeline">
			<destination>{6343ed7d-44ec-44ca-b44b-5770f54723bf}</destination>
		</relationship>
		<relationship name="parameters">
			<destination>{c26039b3-2a24-4b1e-81e8-5fa2bc35e96f}</destination>
		</relationship>
	</object>
	<object class="EventMixer" id="{865a5f62-562e-4d7f-82c0-4500917933ec}">
		<relationship name="masterBus">
			<destination>{5b83f4be-70e6-4059-89e1-4696b6f13233}</destination>
		</relationship>
	</object>
	<object class="MasterTrack" id="{c08a85f6-8ff8-40ba-87d7-681b719e34ca}">
		<relationship name="mixerGroup">
			<destination>{5b83f4be-70e6-4059-89e1-4696b6f13233}</destination>
		</relationship>
	</object>
	<object class="MixerInput" id="{d01fd4f4-2e27-4e2f-8877-6d945f48ebba}">
		<relationship name="effectChain">
			<destination>{ccc6f007-7d41-4721-86bb-5a8a2805d15f}</destination>
		</relationship>
		<relationship name="panner">
			<destination>{a272bbdd-f9ef-43df-b35d-9ade79f993b0}</destination>
		</relationship>
		<relationship name="output">
			<destination>{c2b0e320-8fc9-4488-93c6-4846d4b5077e}</destination>
		</relationship>
	</object>
	<object class="EventAutomatableProperties" id="{8f43e7d3-a812-4fec-b41f-a87aa3693001}" />
	<object class="MarkerTrack" id="{a719b232-5938-4055-906b-386558fb75fa}" />
	<object class="GroupTrack" id="{97603df1-5057-45a7-8398-ebc2466f9ae9}">
		<relationship name="automationTracks">
			<destination>{78d56acc-3d6c-47a7-872c-f0bbbc531695}</destination>
			<destination>{c0b7feab-3060-49cf-8363-7783a4db0e5c}</destination>
			<destination>{6092ec3d-a5e4-4b90-8a70-9cc67c9228fd}</destination>
		</relationship>
		<relationship name="modules">
			<destination>{865e3135-ab6a-4f0c-bf78-34a0b1058f3d}</destination>
		</relationship>
		<relationship name="mixerGroup">
			<destination>{a96d7134-c6f1-45fc-b1dd-3be777490246}</destination>
		</relationship>
	</object>
	<object class="GroupTrack" id="{3961f40e-4d15-4569-8501-b25b4ddb46a1}">
		<relationship name="automationTracks">
			<destination>{f6be2f81-55f7-4d66-b177-4445a47ef42d}</destination>
		</relationship>
		<relationship name="modules">
			<destination>{a53a5be2-217f-4960-a644-a297090bfac9}</destination>
		</relationship>
		<relationship name="mixerGroup">
			<destination>{a23b2410-d5aa-43a7-9d61-7fca5d6999e3}</destination>
		</relationship>
	</object>
	<object class="GroupTrack" id="{3a97158d-7f13-471e-96d7-99dc1b1aec39}">
		<relationship name="automationTracks">
			<destination>{d69be4c1-d041-4f78-b6ca-a7ddab939704}</destination>
			<destination>{9c4946db-9939-484c-8bf2-af212a35a946}</destination>
		</relationship>
		<relationship name="modules">
			<destination>{0bf50d88-ed66-4cb8-9fdf-40a7c8b21832}</destination>
		</relationship>
		<relationship name="mixerGroup">
			<destination>{382b9edb-4c16-4d96-9b36-d316e5646191}</destination>
		</relationship>
	</object>
	<object class="GroupTrack" id="{3e2d8555-acf0-4a5b-9903-5f007d5e1ffc}">
		<relationship name="automationTracks">
			<destination>{9717b8e7-aed1-41f3-a755-55a055f638a3}</destination>
			<destination>{7002c9bd-4a4a-417c-9c7d-6aa29e1eb5ed}</destination>
			<destination>{85e60261-8386-4b0c-b3f3-0b25262923d7}</destination>
		</relationship>
		<relationship name="modules">
			<destination>{a03b06fd-59e0-4ed1-8f82-d37c10a8f360}</destination>
		</relationship>
		<relationship name="mixerGroup">
			<destination>{e667112f-dd04-4bea-9e71-2ab6a52e2a5a}</destination>
		</relationship>
	</object>
	<object class="Timeline" id="{6343ed7d-44ec-44ca-b44b-5770f54723bf}">
		<relationship name="modules">
			<destination>{865e3135-ab6a-4f0c-bf78-34a0b1058f3d}</destination>
			<destination>{a53a5be2-217f-4960-a644-a297090bfac9}</destination>
			<destination>{0bf50d88-ed66-4cb8-9fdf-40a7c8b21832}</destination>
			<destination>{a03b06fd-59e0-4ed1-8f82-d37c10a8f360}</destination>
		</relationship>
		<relationship name="markers">
			<destination>{a31e0fe9-9df7-470e-88f3-168d3a82d13d}</destination>
		</relationship>
	</object>
	<object class="ParameterProxy" id="{c26039b3-2a24-4b1e-81e8-5fa2bc35e96f}">
		<relationship name="preset">
			<destination>{6dc25024-97b6-4756-b722-fbba8e32849c}</destination>
		</relationship>
	</object>
	<object class="EventMixerMaster" id="{5b83f4be-70e6-4059-89e1-4696b6f13233}">
		<relationship name="effectChain">
			<destination>{874eeb5d-5bb5-467b-af27-a5459dbd7513}</destination>
		</relationship>
		<relationship name="panner">
			<destination>{d6b79295-f967-4482-8e4f-4e576b56c330}</destination>
		</relationship>
		<relationship name="mixer">
			<destination>{865a5f62-562e-4d7f-82c0-4500917933ec}</destination>
		</relationship>
	</object>
	<object class="MixerBusEffectChain" id="{ccc6f007-7d41-4721-86bb-5a8a2805d15f}">
		<relationship name="effects">
			<destination>{b624279f-2d89-4fd3-83b7-3470e4d09214}</destination>
		</relationship>
	</object>
	<object class="MixerBusPanner" id="{a272bbdd-f9ef-43df-b35d-9ade79f993b0}" />
	<object class="AutomationTrack" id="{78d56acc-3d6c-47a7-872c-f0bbbc531695}">
		<relationship name="automator">
			<destination>{8ff309ea-331e-4d74-9af6-a04a4f9f595e}</destination>
		</relationship>
	</object>
	<object class="AutomationTrack" id="{c0b7feab-3060-49cf-8363-7783a4db0e5c}">
		<relationship name="automator">
			<destination>{dd94bbb7-14da-4056-9c59-682c6da251fb}</destination>
		</relationship>
	</object>
	<object class="AutomationTrack" id="{6092ec3d-a5e4-4b90-8a70-9cc67c9228fd}">
		<relationship name="automator">
			<destination>{a581d12a-12f4-4179-a6eb-e81af9d8ab4f}</destination>
		</relationship>
	</object>
	<object class="SingleSound" id="{865e3135-ab6a-4f0c-bf78-34a0b1058f3d}">
		<property name="length">
			<value>53.333333333333336</value>
		</property>
		<relationship name="audioFile">
			<destination>{c73a374e-da6d-4140-9d1d-47dd2e52e517}</destination>
		</relationship>
	</object>
	<object class="EventMixerGroup" id="{a96d7134-c6f1-45fc-b1dd-3be777490246}">
		<property name="name">
			<value>beat</value>
		</property>
		<relationship name="automators">
			<destination>{8ff309ea-331e-4d74-9af6-a04a4f9f595e}</destination>
		</relationship>
		<relationship name="effectChain">
			<destination>{879001a1-559c-4bad-98b8-fd6376db556e}</destination>
		</relationship>
		<relationship name="panner">
			<destination>{c9ff3c30-54fa-4844-b347-d0b5759d56fa}</destination>
		</relationship>
		<relationship name="output">
			<destination>{5b83f4be-70e6-4059-89e1-4696b6f13233}</destination>
		</relationship>
	</object>
	<object class="AutomationTrack" id="{f6be2f81-55f7-4d66-b177-4445a47ef42d}">
		<relationship name="automator">
			<destination>{06562b7e-ac23-44a2-99fc-af905f5887c4}</destination>
		</relationship>
	</object>
	<object class="SingleSound" id="{a53a5be2-217f-4960-a644-a297090bfac9}">
		<property name="length">
			<value>53.333333333333336</value>
		</property>
		<relationship name="audioFile">
			<destination>{38862091-007b-46d2-8d5c-30ae4e105e3a}</destination>
		</relationship>
	</object>
	<object class="EventMixerGroup" id="{a23b2410-d5aa-43a7-9d61-7fca5d6999e3}">
		<property name="name">
			<value>pad</value>
		</property>
		<relationship name="automators">
			<destination>{06562b7e-ac23-44a2-99fc-af905f5887c4}</destination>
		</relationship>
		<relationship name="effectChain">
			<destination>{6532f6a9-2a54-4816-a779-a330e2ef8253}</destination>
		</relationship>
		<relationship name="panner">
			<destination>{2e034ba2-1143-4db7-a393-920b79b3d197}</destination>
		</relationship>
		<relationship name="output">
			<destination>{5b83f4be-70e6-4059-89e1-4696b6f13233}</destination>
		</relationship>
	</object>
	<object class="AutomationTrack" id="{d69be4c1-d041-4f78-b6ca-a7ddab939704}">
		<relationship name="automator">
			<destination>{0ce77e4d-c7b5-4500-9758-6c404cc988bb}</destination>
		</relationship>
	</object>
	<object class="AutomationTrack" id="{9c4946db-9939-484c-8bf2-af212a35a946}">
		<relationship name="automator">
			<destination>{14a66b33-c86b-49ac-b797-538611fc040b}</destination>
		</relationship>
	</object>
	<object class="SingleSound" id="{0bf50d88-ed66-4cb8-9fdf-40a7c8b21832}">
		<property name="length">
			<value>53.333333333333336</value>
		</property>
		<relationship name="audioFile">
			<destination>{894943be-222b-4599-bd06-27b50f87564e}</destination>
		</relationship>
	</object>
	<object class="EventMixerGroup" id="{382b9edb-4c16-4d96-9b36-d316e5646191}">
		<property name="name">
			<value>piano</value>
		</property>
		<relationship name="automators">
			<destination>{0ce77e4d-c7b5-4500-9758-6c404cc988bb}</destination>
		</relationship>
		<relationship name="effectChain">
			<destination>{943f201b-574d-4ff0-984f-8cfc58f11330}</destination>
		</relationship>
		<relationship name="panner">
			<destination>{a8b6f370-6e77-44fb-a795-427666398c22}</destination>
		</relationship>
		<relationship name="output">
			<destination>{5b83f4be-70e6-4059-89e1-4696b6f13233}</destination>
		</relationship>
	</object>
	<object class="AutomationTrack" id="{9717b8e7-aed1-41f3-a755-55a055f638a3}">
		<relationship name="automator">
			<destination>{75fc31a1-f0a2-4b41-8dd7-a551998f1917}</destination>
		</relationship>
	</object>
	<object class="AutomationTrack" id="{7002c9bd-4a4a-417c-9c7d-6aa29e1eb5ed}">
		<relationship name="automator">
			<destination>{40c93223-a7bc-41e4-85eb-c06e2307286b}</destination>
		</relationship>
	</object>
	<object class="AutomationTrack" id="{85e60261-8386-4b0c-b3f3-0b25262923d7}">
		<relationship name="automator">
			<destination>{4c213742-7212-4b84-ad99-a45e07044198}</destination>
		</relationship>
	</object>
	<object class="SingleSound" id="{a03b06fd-59e0-4ed1-8f82-d37c10a8f360}">
		<property name="length">
			<value>53.333333333333336</value>
		</property>
		<relationship name="audioFile">
			<destination>{33dac1fb-506b-47f9-a96e-14033ac5f0a3}</destination>
		</relationship>
	</object>
	<object class="EventMixerGroup" id="{e667112f-dd04-4bea-9e71-2ab6a52e2a5a}">
		<property name="name">
			<value>synth</value>
		</property>
		<relationship name="automators">
			<destination>{75fc31a1-f0a2-4b41-8dd7-a551998f1917}</destination>
		</relationship>
		<relationship name="effectChain">
			<destination>{b3775050-68d3-41c3-b818-0bbe7877d930}</destination>
		</relationship>
		<relationship name="panner">
			<destination>{71b0c88e-d561-4328-95ac-95416b1f56ff}</destination>
		</relationship>
		<relationship name="output">
			<destination>{5b83f4be-70e6-4059-89e1-4696b6f13233}</destination>
		</relationship>
	</object>
	<object class="LoopRegion" id="{a31e0fe9-9df7-470e-88f3-168d3a82d13d}">
		<property name="position">
			<value>0</value>
		</property>
		<property name="length">
			<value>53.333333333333336</value>
		</property>
		<relationship name="timeline">
			<destination>{6343ed7d-44ec-44ca-b44b-5770f54723bf}</destination>
		</relationship>
		<relationship name="markerTrack">
			<destination>{a719b232-5938-4055-906b-386558fb75fa}</destination>
		</relationship>
	</object>
	<object class="MixerBusEffectChain" id="{874eeb5d-5bb5-467b-af27-a5459dbd7513}">
		<relationship name="effects">
			<destination>{1e77a5ea-b649-4bc4-bea9-f5e1135d7a9e}</destination>
		</relationship>
	</object>
	<object class="MixerBusPanner" id="{d6b79295-f967-4482-8e4f-4e576b56c330}" />
	<object class="MixerBusFader" id="{b624279f-2d89-4fd3-83b7-3470e4d09214}" />
	<object class="Automator" id="{8ff309ea-331e-4d74-9af6-a04a4f9f595e}">
		<property name="nameOfPropertyBeingAutomated">
			<value>volume</value>
		</property>
		<relationship name="automationCurves">
			<destination>{68545d5f-3c59-4294-98c9-35379d04bdc6}</destination>
		</relationship>
	</object>
	<object class="MixerBusEffectChain" id="{879001a1-559c-4bad-98b8-fd6376db556e}">
		<relationship name="effects">
			<destination>{d6e6d2b1-00e5-4671-a179-eee7024d5c29}</destination>
			<destination>{52009079-425c-4668-a86a-beda45149132}</destination>
			<destination>{58a82bd4-6145-4c6a-9ce8-55850ac0c8c4}</destination>
		</relationship>
	</object>
	<object class="MixerBusPanner" id="{c9ff3c30-54fa-4844-b347-d0b5759d56fa}" />
	<object class="Automator" id="{06562b7e-ac23-44a2-99fc-af905f5887c4}">
		<property name="nameOfPropertyBeingAutomated">
			<value>volume</value>
		</property>
		<relationship name="automationCurves">
			<destination>{8974e05f-c475-4db5-a3cd-62d58d7f91e0}</destination>
		</relationship>
	</object>
	<object class="MixerBusEffectChain" id="{6532f6a9-2a54-4816-a779-a330e2ef8253}">
		<relationship name="effects">
			<destination>{65d54b86-011c-48b5-9c52-6609f37aad4d}</destination>
		</relationship>
	</object>
	<object class="MixerBusPanner" id="{2e034ba2-1143-4db7-a393-920b79b3d197}" />
	<object class="Automator" id="{0ce77e4d-c7b5-4500-9758-6c404cc988bb}">
		<property name="nameOfPropertyBeingAutomated">
			<value>volume</value>
		</property>
		<relationship name="automationCurves">
			<destination>{c587a246-95aa-4f87-90cc-6678407cead0}</destination>
		</relationship>
	</object>
	<object class="MixerBusEffectChain" id="{943f201b-574d-4ff0-984f-8cfc58f11330}">
		<relationship name="effects">
			<destination>{4b52cf7d-9fc7-4d50-82fd-0c8caaeafb3f}</destination>
			<destination>{89b27c33-4414-44c7-a0a9-d2d21a0545cb}</destination>
		</relationship>
	</object>
	<object class="MixerBusPanner" id="{a8b6f370-6e77-44fb-a795-427666398c22}" />
	<object class="Automator" id="{75fc31a1-f0a2-4b41-8dd7-a551998f1917}">
		<property name="nameOfPropertyBeingAutomated">
			<value>volume</value>
		</property>
		<relationship name="automationCurves">
			<destination>{c930c649-c3cc-4476-99ee-2f7033dd09f7}</destination>
		</relationship>
	</object>
	<object class="MixerBusEffectChain" id="{b3775050-68d3-41c3-b818-0bbe7877d930}">
		<relationship name="effects">
			<destination>{163ca8cd-1f2a-4df6-a754-3656a43d90a5}</destination>
			<destination>{bba6968f-d8f4-4602-9957-771c205952e6}</destination>
			<destination>{55ccbcee-495f-4ab5-b447-2ae091590c7a}</destination>
		</relationship>
	</object>
	<object class="MixerBusPanner" id="{71b0c88e-d561-4328-95ac-95416b1f56ff}" />
	<object class="MixerBusFader" id="{1e77a5ea-b649-4bc4-bea9-f5e1135d7a9e}" />
	<object class="AutomationCurve" id="{68545d5f-3c59-4294-98c9-35379d04bdc6}">
		<relationship name="parameter">
			<destination>{6dc25024-97b6-4756-b722-fbba8e32849c}</destination>
		</relationship>
		<relationship name="automationPoints">
			<destination>{e7ffbaca-c752-40a5-9991-fce43c644a9f}</destination>
			<destination>{cea99509-cb04-48f6-b4c3-5ce07373fef4}</destination>
		</relationship>
	</object>
	<object class="MixerBusFader" id="{d6e6d2b1-00e5-4671-a179-eee7024d5c29}" />
	<object class="DistortionEffect" id="{52009079-425c-4668-a86a-beda45149132}">
		<relationship name="automators">
			<destination>{dd94bbb7-14da-4056-9c59-682c6da251fb}</destination>
		</relationship>
	</object>
	<object class="PitchShifterEffect" id="{58a82bd4-6145-4c6a-9ce8-55850ac0c8c4}">
		<property name="pitch">
			<value>1.25</value>
		</property>
		<property name="overlap">
			<value>6</value>
		</property>
		<relationship name="automators">
			<destination>{a581d12a-12f4-4179-a6eb-e81af9d8ab4f}</destination>
		</relationship>
	</object>
	<object class="AutomationCurve" id="{8974e05f-c475-4db5-a3cd-62d58d7f91e0}">
		<relationship name="parameter">
			<destination>{6dc25024-97b6-4756-b722-fbba8e32849c}</destination>
		</relationship>
		<relationship name="automationPoints">
			<destination>{10a892cc-5aac-4e71-8fea-fb8df88f66cc}</destination>
			<destination>{66dc0aac-dcb3-4bc9-b5ea-13be1eefca7c}</destination>
		</relationship>
	</object>
	<object class="MixerBusFader" id="{65d54b86-011c-48b5-9c52-6609f37aad4d}" />
	<object class="AutomationCurve" id="{c587a246-95aa-4f87-90cc-6678407cead0}">
		<relationship name="parameter">
			<destination>{6dc25024-97b6-4756-b722-fbba8e32849c}</destination>
		</relationship>
		<relationship name="automationPoints">
			<destination>{31d6b172-8b0d-4ac8-972e-b5b3ac545d9b}</destination>
			<destination>{defeb034-241f-4fb1-bf0b-45dc7526796d}</destination>
		</relationship>
	</object>
	<object class="MixerBusFader" id="{4b52cf7d-9fc7-4d50-82fd-0c8caaeafb3f}" />
	<object class="ChorusEffect" id="{89b27c33-4414-44c7-a0a9-d2d21a0545cb}">
		<property name="rate">
			<value>0.799999952</value>
		</property>
		<property name="depth">
			<value>30</value>
		</property>
		<relationship name="automators">
			<destination>{14a66b33-c86b-49ac-b797-538611fc040b}</destination>
		</relationship>
	</object>
	<object class="AutomationCurve" id="{c930c649-c3cc-4476-99ee-2f7033dd09f7}">
		<relationship name="parameter">
			<destination>{6dc25024-97b6-4756-b722-fbba8e32849c}</destination>
		</relationship>
		<relationship name="automationPoints">
			<destination>{173ad3ad-06d9-47d8-ae8a-f50c94cd9890}</destination>
			<destination>{5059c6dc-faba-419c-bc6b-c7b9b404af96}</destination>
		</relationship>
	</object>
	<object class="MixerBusFader" id="{163ca8cd-1f2a-4df6-a754-3656a43d90a5}" />
	<object class="ThreeEQEffect" id="{bba6968f-d8f4-4602-9957-771c205952e6}">
		<property name="lowGain">
			<value>3.5</value>
		</property>
		<property name="midGain">
			<value>-6.5</value>
		</property>
		<property name="highGain">
			<value>-1.5</value>
		</property>
		<property name="lowCrossover">
			<value>1000</value>
		</property>
		<property name="highCrossover">
			<value>1650</value>
		</property>
		<relationship name="automators">
			<destination>{4c213742-7212-4b84-ad99-a45e07044198}</destination>
		</relationship>
	</object>
	<object class="PitchShifterEffect" id="{55ccbcee-495f-4ab5-b447-2ae091590c7a}">
		<property name="pitch">
			<value>2</value>
		</property>
		<relationship name="automators">
			<destination>{40c93223-a7bc-41e4-85eb-c06e2307286b}</destination>
		</relationship>
	</object>
	<object class="AutomationPoint" id="{e7ffbaca-c752-40a5-9991-fce43c644a9f}">
		<property name="position">
			<value>80</value>
		</property>
		<property name="value">
			<value>-70</value>
		</property>
	</object>
	<object class="AutomationPoint" id="{cea99509-cb04-48f6-b4c3-5ce07373fef4}">
		<property name="position">
			<value>0.98522167487684731</value>
		</property>
		<property name="value">
			<value>3.81469727e-06</value>
		</property>
		<property name="curveShape">
			<value>1</value>
		</property>
	</object>
	<object class="Automator" id="{dd94bbb7-14da-4056-9c59-682c6da251fb}">
		<property name="nameOfPropertyBeingAutomated">
			<value>level</value>
		</property>
		<relationship name="automationCurves">
			<destination>{93cb0691-12af-4ea3-bfb5-014304f01a4d}</destination>
		</relationship>
	</object>
	<object class="Automator" id="{a581d12a-12f4-4179-a6eb-e81af9d8ab4f}">
		<property name="nameOfPropertyBeingAutomated">
			<value>pitch</value>
		</property>
		<relationship name="automationCurves">
			<destination>{f74dfc82-bf78-421b-97b0-015828e78075}</destination>
		</relationship>
	</object>
	<object class="AutomationPoint" id="{10a892cc-5aac-4e71-8fea-fb8df88f66cc}">
		<property name="position">
			<value>117</value>
		</property>
		<property name="value">
			<value>-15</value>
		</property>
	</object>
	<object class="AutomationPoint" id="{66dc0aac-dcb3-4bc9-b5ea-13be1eefca7c}">
		<property name="position">
			<value>2.2660098522167487</value>
		</property>
		<property name="value">
			<value>3.81469727e-06</value>
		</property>
		<property name="curveShape">
			<value>1</value>
		</property>
	</object>
	<object class="AutomationPoint" id="{31d6b172-8b0d-4ac8-972e-b5b3ac545d9b}">
		<property name="position">
			<value>100</value>
		</property>
		<property name="value">
			<value>-70</value>
		</property>
	</object>
	<object class="AutomationPoint" id="{defeb034-241f-4fb1-bf0b-45dc7526796d}">
		<property name="position">
			<value>1.4778325123152709</value>
		</property>
		<property name="value">
			<value>3.81469727e-06</value>
		</property>
		<property name="curveShape">
			<value>1</value>
		</property>
	</object>
	<object class="Automator" id="{14a66b33-c86b-49ac-b797-538611fc040b}">
		<property name="nameOfPropertyBeingAutomated">
			<value>depth</value>
		</property>
		<relationship name="automationCurves">
			<destination>{e1a4ba24-62dd-4431-9e32-0a3500a40578}</destination>
		</relationship>
	</object>
	<object class="AutomationPoint" id="{173ad3ad-06d9-47d8-ae8a-f50c94cd9890}">
		<property name="position">
			<value>105</value>
		</property>
		<property name="value">
			<value>-24</value>
		</property>
	</object>
	<object class="AutomationPoint" id="{5059c6dc-faba-419c-bc6b-c7b9b404af96}">
		<property name="position">
			<value>5.9113300492610836</value>
		</property>
		<property name="value">
			<value>3.81469727e-06</value>
		</property>
		<property name="curveShape">
			<value>1</value>
		</property>
	</object>
	<object class="Automator" id="{4c213742-7212-4b84-ad99-a45e07044198}">
		<property name="nameOfPropertyBeingAutomated">
			<value>highCrossover</value>
		</property>
		<relationship name="automationCurves">
			<destination>{4cdcc64a-25a8-43a4-872f-c366927936ac}</destination>
		</relationship>
	</object>
	<object class="Automator" id="{40c93223-a7bc-41e4-85eb-c06e2307286b}">
		<property name="nameOfPropertyBeingAutomated">
			<value>pitch</value>
		</property>
		<relationship name="automationCurves">
			<destination>{8f512b46-217d-4147-924a-d2800cf0fc75}</destination>
		</relationship>
	</object>
	<object class="AutomationCurve" id="{93cb0691-12af-4ea3-bfb5-014304f01a4d}">
		<relationship name="parameter">
			<destination>{6dc25024-97b6-4756-b722-fbba8e32849c}</destination>
		</relationship>
		<relationship name="automationPoints">
			<destination>{99f7f884-9302-4717-845e-c7c682b06474}</destination>
			<destination>{8e0c82e2-4c26-441a-beed-238c13d79fba}</destination>
		</relationship>
	</object>
	<object class="AutomationCurve" id="{f74dfc82-bf78-421b-97b0-015828e78075}">
		<relationship name="parameter">
			<destination>{6dc25024-97b6-4756-b722-fbba8e32849c}</destination>
		</relationship>
		<relationship name="automationPoints">
			<destination>{79c28292-2ca5-4313-a07e-66cd70b9a122}</destination>
			<destination>{581c56a4-4cb2-41ee-a41b-1a938a6abd88}</destination>
			<destination>{c2116fc4-e1ce-4829-9748-c72164b852a2}</destination>
			<destination>{3e78d10a-82e4-4754-adbf-1dba4ef59159}</destination>
			<destination>{55d8771a-138b-4a25-a0bd-0a51f88c59e1}</destination>
		</relationship>
	</object>
	<object class="AutomationCurve" id="{e1a4ba24-62dd-4431-9e32-0a3500a40578}">
		<relationship name="parameter">
			<destination>{6dc25024-97b6-4756-b722-fbba8e32849c}</destination>
		</relationship>
		<relationship name="automationPoints">
			<destination>{48cd9b26-5bab-4377-ac43-f0fcd46dc41e}</destination>
			<destination>{44de7342-bc6d-41ec-b1e8-5dd80d99c239}</destination>
		</relationship>
	</object>
	<object class="AutomationCurve" id="{4cdcc64a-25a8-43a4-872f-c366927936ac}">
		<relationship name="parameter">
			<destination>{6dc25024-97b6-4756-b722-fbba8e32849c}</destination>
		</relationship>
		<relationship name="automationPoints">
			<destination>{0e390c1f-4f3b-4938-8fde-3c9778d106c7}</destination>
			<destination>{f3e95a07-38bd-47b6-bcd7-c21084643c00}</destination>
		</relationship>
	</object>
	<object class="AutomationCurve" id="{8f512b46-217d-4147-924a-d2800cf0fc75}">
		<relationship name="parameter">
			<destination>{6dc25024-97b6-4756-b722-fbba8e32849c}</destination>
		</relationship>
		<relationship name="automationPoints">
			<destination>{dcb2097b-be6c-44e7-90fc-f8f27fa690b0}</destination>
			<destination>{f0cfb7db-d565-438f-aa06-0fb57b779c20}</destination>
			<destination>{45fb9316-7eab-433f-8b94-3054d08a753b}</destination>
			<destination>{35c42378-b2ea-4899-ad74-df4f63b6e123}</destination>
		</relationship>
	</object>
	<object class="AutomationPoint" id="{99f7f884-9302-4717-845e-c7c682b06474}">
		<property name="position">
			<value>60.254943235598098</value>
		</property>
		<property name="value">
			<value>0.5</value>
		</property>
	</object>
	<object class="AutomationPoint" id="{8e0c82e2-4c26-441a-beed-238c13d79fba}">
		<property name="position">
			<value>1</value>
		</property>
		<property name="value">
			<value>0.0399999991</value>
		</property>
		<property name="curveShape">
			<value>-1</value>
		</property>
	</object>
	<object class="AutomationPoint" id="{79c28292-2ca5-4313-a07e-66cd70b9a122}">
		<property name="position">
			<value>75</value>
		</property>
		<property name="value">
			<value>1.65999997</value>
		</property>
	</object>
	<object class="AutomationPoint" id="{581c56a4-4cb2-41ee-a41b-1a938a6abd88}">
		<property name="position">
			<value>3</value>
		</property>
		<property name="value">
			<value>1</value>
		</property>
		<property name="curveShape">
			<value>-0.330290586</value>
		</property>
	</object>
	<object class="AutomationPoint" id="{c2116fc4-e1ce-4829-9748-c72164b852a2}">
		<property name="position">
			<value>67.501418700500082</value>
		</property>
		<property name="value">
			<value>1.62596977</value>
		</property>
	</object>
	<object class="AutomationPoint" id="{3e78d10a-82e4-4754-adbf-1dba4ef59159}">
		<property name="position">
			<value>23.228429042388161</value>
		</property>
		<property name="value">
			<value>1.17999995</value>
		</property>
	</object>
	<object class="AutomationPoint" id="{55d8771a-138b-4a25-a0bd-0a51f88c59e1}">
		<property name="position">
			<value>54</value>
		</property>
		<property name="value">
			<value>1.53999996</value>
		</property>
	</object>
	<object class="AutomationPoint" id="{48cd9b26-5bab-4377-ac43-f0fcd46dc41e}">
		<property name="position">
			<value>100</value>
		</property>
		<property name="value">
			<value>100</value>
		</property>
	</object>
	<object class="AutomationPoint" id="{44de7342-bc6d-41ec-b1e8-5dd80d99c239}">
		<property name="position">
			<value>0.29780037842964463</value>
		</property>
		<property name="value">
			<value>0</value>
		</property>
		<property name="curveShape">
			<value>0.443051517</value>
		</property>
	</object>
	<object class="AutomationPoint" id="{0e390c1f-4f3b-4938-8fde-3c9778d106c7}">
		<property name="position">
			<value>102</value>
		</property>
		<property name="value">
			<value>3000</value>
		</property>
	</object>
	<object class="AutomationPoint" id="{f3e95a07-38bd-47b6-bcd7-c21084643c00}">
		<property name="position">
			<value>35</value>
		</property>
		<property name="value">
			<value>90</value>
		</property>
		<property name="curveShape">
			<value>1</value>
		</property>
	</object>
	<object class="AutomationPoint" id="{dcb2097b-be6c-44e7-90fc-f8f27fa690b0}">
		<property name="position">
			<value>104.8257332072349</value>
		</property>
		<property name="value">
			<value>2</value>
		</property>
	</object>
	<object class="AutomationPoint" id="{f0cfb7db-d565-438f-aa06-0fb57b779c20}">
		<property name="position">
			<value>8</value>
		</property>
		<property name="value">
			<value>1</value>
		</property>
		<property name="curveShape">
			<value>0.706886649</value>
		</property>
	</object>
	<object class="AutomationPoint" id="{45fb9316-7eab-433f-8b94-3054d08a753b}">
		<property name="position">
			<value>102</value>
		</property>
		<property name="value">
			<value>1.19999993</value>
		</property>
	</object>
	<object class="AutomationPoint" id="{35c42378-b2ea-4899-ad74-df4f63b6e123}">
		<property name="position">
			<value>80.364237196030828</value>
		</property>
		<property name="value">
			<value>1</value>
		</property>
		<property name="curveShape">
			<value>1</value>
		</property>
	</object>
</objects>
