<?xml version="1.0" encoding="UTF-8"?>
<objects serializationModel="Studio.02.02.00">
	<object class="AudioFile" id="{407449f7-8051-45bf-bf1c-af12f1b5f844}">
		<property name="assetPath">
			<value>vertical-reorchestration-files/pad.wav</value>
		</property>
		<property name="isStreaming">
			<value>true</value>
		</property>
		<property name="frequencyInKHz">
			<value>44.0999985</value>
		</property>
		<property name="channelCount">
			<value>2</value>
		</property>
		<property name="length">
			<value>53.333333333333336</value>
		</property>
		<relationship name="masterAssetFolder">
			<destination>{c1819a6a-9388-4adb-8c96-3cc1972de305}</destination>
		</relationship>
	</object>
</objects>
