<?xml version="1.0" encoding="UTF-8"?>
<objects serializationModel="Studio.02.02.00">
	<object class="EncodingSetting" id="{a2597155-005a-4079-ad7e-e0d5a00d076c}">
		<property name="encodingFormat">
			<value>3</value>
		</property>
		<property name="quality">
			<value>37</value>
		</property>
		<relationship name="platform">
			<destination>{ead3f525-d3ce-4635-9cd5-a9bc2b92f3fc}</destination>
		</relationship>
		<relationship name="encodable">
			<destination>{ead3f525-d3ce-4635-9cd5-a9bc2b92f3fc}</destination>
		</relationship>
	</object>
</objects>
