<?xml version="1.0" encoding="UTF-8"?>
<objects serializationModel="Studio.02.02.00">
	<object class="MixerMaster" id="{5bf1c04f-e3de-433f-8f8a-54c977a923d8}">
		<property name="name">
			<value>Master Bus</value>
		</property>
		<relationship name="effectChain">
			<destination>{d400b47d-2e05-4c90-9496-2d62a0486502}</destination>
		</relationship>
		<relationship name="panner">
			<destination>{61c587ae-5d06-486a-9ed8-c54d5e467598}</destination>
		</relationship>
		<relationship name="mixer">
			<destination>{a3ff129c-a573-4b8c-a366-aa2a7968c646}</destination>
		</relationship>
	</object>
	<object class="MixerBusEffectChain" id="{d400b47d-2e05-4c90-9496-2d62a0486502}">
		<relationship name="effects">
			<destination>{b570f920-a646-468e-ad6b-c1e8b2fac9fc}</destination>
		</relationship>
	</object>
	<object class="MixerBusPanner" id="{61c587ae-5d06-486a-9ed8-c54d5e467598}">
		<property name="overridingOutputFormat">
			<value>2</value>
		</property>
	</object>
	<object class="MixerBusFader" id="{b570f920-a646-468e-ad6b-c1e8b2fac9fc}" />
</objects>
