<?xml version="1.0" encoding="UTF-8"?>
<objects serializationModel="Studio.02.02.00">
	<object class="Workspace" id="{39816da8-6c5e-4ee5-801d-5dc2fc06d7dd}">
		<relationship name="projectSettings">
			<destination>{cd549464-b385-4e4d-ba3e-76da6cb14ab1}</destination>
		</relationship>
		<relationship name="changelist">
			<destination>{80e085cf-ca2e-4e45-a02d-d807730ee8e7}</destination>
		</relationship>
	</object>
	<object class="ProjectSettings" id="{cd549464-b385-4e4d-ba3e-76da6cb14ab1}">
		<relationship name="activePlatform">
			<destination>{56d77633-893b-4d4f-996c-112f5b00958b}</destination>
		</relationship>
	</object>
	<object class="WorkspaceChangelist" id="{80e085cf-ca2e-4e45-a02d-d807730ee8e7}" />
</objects>
