<?xml version="1.0" encoding="UTF-8"?>
<objects serializationModel="Studio.02.02.00">
	<object class="EncodingSetting" id="{e10eba39-cf21-41ae-89d7-7ddda3ff3ce0}">
		<property name="encodingFormat">
			<value>3</value>
		</property>
		<property name="quality">
			<value>37</value>
		</property>
		<relationship name="platform">
			<destination>{0234d751-769a-4435-a14a-63d0185e6270}</destination>
		</relationship>
		<relationship name="encodable">
			<destination>{0234d751-769a-4435-a14a-63d0185e6270}</destination>
		</relationship>
	</object>
</objects>
