<?xml version="1.0" encoding="UTF-8"?>
<objects serializationModel="Studio.02.02.00">
	<object class="AudioFile" id="{5892dd94-5c8e-45aa-a23c-ea1890e6e3b1}">
		<property name="assetPath">
			<value>synth.wav</value>
		</property>
		<property name="isStreaming">
			<value>true</value>
		</property>
		<property name="frequencyInKHz">
			<value>44.0999985</value>
		</property>
		<property name="channelCount">
			<value>2</value>
		</property>
		<property name="length">
			<value>53.333333333333336</value>
		</property>
		<relationship name="masterAssetFolder">
			<destination>{1b7bc402-801a-4893-996e-62ff3eed1629}</destination>
		</relationship>
	</object>
</objects>
