<?xml version="1.0" encoding="UTF-8"?>
<objects serializationModel="Studio.02.02.00">
	<object class="Snapshot" id="{925620cd-58c9-440b-bade-6e9802d1b659}">
		<property name="name">
			<value>New Snapshot</value>
		</property>
		<property name="behavior">
			<value>1</value>
		</property>
		<relationship name="mixer">
			<destination>{87ea9cd0-4d17-4170-b3fb-28f4a15097ce}</destination>
		</relationship>
		<relationship name="automatableProperties">
			<destination>{2c809b51-7d2a-4ece-884f-32b11b5c9d90}</destination>
		</relationship>
		<relationship name="markerTracks">
			<destination>{21caf32a-0e23-40a8-b8ae-498f16cf3c88}</destination>
		</relationship>
		<relationship name="timeline">
			<destination>{3e3d8914-602d-420a-9f95-615cca6ba80c}</destination>
		</relationship>
		<relationship name="snapshotMasterTrack">
			<destination>{fab7c662-a101-435c-8661-e76b6a3ecb91}</destination>
		</relationship>
	</object>
	<object class="EventAutomatableProperties" id="{2c809b51-7d2a-4ece-884f-32b11b5c9d90}" />
	<object class="MarkerTrack" id="{21caf32a-0e23-40a8-b8ae-498f16cf3c88}" />
	<object class="Timeline" id="{3e3d8914-602d-420a-9f95-615cca6ba80c}" />
	<object class="SnapshotMasterTrack" id="{fab7c662-a101-435c-8661-e76b6a3ecb91}" />
</objects>
