<?xml version="1.0" encoding="UTF-8"?>
<objects serializationModel="Studio.02.02.00">
	<object class="ParameterPreset" id="{c9452d4d-d786-4ecb-ad89-8bc01f2ab5c8}">
		<property name="name">
			<value>timer</value>
		</property>
		<relationship name="folder">
			<destination>{fbf611b1-a942-46ce-bbeb-fe9dece244f8}</destination>
		</relationship>
		<relationship name="parameter">
			<destination>{6dc25024-97b6-4756-b722-fbba8e32849c}</destination>
		</relationship>
	</object>
	<object class="GameParameter" id="{6dc25024-97b6-4756-b722-fbba8e32849c}">
		<property name="maximum">
			<value>120</value>
		</property>
		<property name="initialValue">
			<value>120</value>
		</property>
		<property name="seekSpeed">
			<value>1</value>
		</property>
	</object>
</objects>
