<?xml version="1.0" encoding="UTF-8"?>
<objects serializationModel="Studio.02.02.00">
	<object class="Workspace" id="{39816da8-6c5e-4ee5-801d-5dc2fc06d7dd}">
		<relationship name="masterEventFolder">
			<destination>{fa78986d-ced0-4a23-9150-d6b4cebdc7de}</destination>
		</relationship>
		<relationship name="masterTagFolder">
			<destination>{96d5b291-95d9-49b9-b2f6-2d5fea1239eb}</destination>
		</relationship>
		<relationship name="masterEffectPresetFolder">
			<destination>{e9990bc4-a7df-4c95-943c-e7ba0b217a4e}</destination>
		</relationship>
		<relationship name="masterParameterPresetFolder">
			<destination>{bb9551e2-d9c1-4064-85e0-1c1ff21bee97}</destination>
		</relationship>
		<relationship name="masterBankFolder">
			<destination>{4d900578-935b-4397-aea6-86ead0856476}</destination>
		</relationship>
		<relationship name="masterSandboxFolder">
			<destination>{6e72f544-6d02-4854-83dd-66ffb1a0ba54}</destination>
		</relationship>
		<relationship name="masterAssetFolder">
			<destination>{66b89df4-7f57-4336-83ba-6bbd60aceabb}</destination>
		</relationship>
		<relationship name="mixer">
			<destination>{a3ff129c-a573-4b8c-a366-aa2a7968c646}</destination>
		</relationship>
		<relationship name="profilerSessionFolder">
			<destination>{ed0fe8d8-1480-4331-8406-9abb95c7a1be}</destination>
		</relationship>
		<relationship name="platforms">
			<destination>{56d77633-893b-4d4f-996c-112f5b00958b}</destination>
		</relationship>
	</object>
</objects>
