<?xml version="1.0" encoding="UTF-8"?>
<objects serializationModel="Studio.02.02.00">
	<object class="MixerGroup" id="{c3a5fe18-aa84-4bc1-818d-128d99dcd5a3}">
		<property name="name">
			<value>Filters</value>
		</property>
		<relationship name="effectChain">
			<destination>{b2268942-1f55-4011-9ce9-12741084265c}</destination>
		</relationship>
		<relationship name="panner">
			<destination>{5da29978-767f-4b22-b636-c938e2a61043}</destination>
		</relationship>
		<relationship name="output">
			<destination>{f389c6a8-4e61-4860-98b3-6867ffee5b11}</destination>
		</relationship>
	</object>
	<object class="MixerBusEffectChain" id="{b2268942-1f55-4011-9ce9-12741084265c}">
		<relationship name="effects">
			<destination>{6e73eb32-e301-4a01-8036-84cbe19aa5d4}</destination>
			<destination>{9005e002-6729-4817-b298-9bc4c725bdc8}</destination>
		</relationship>
	</object>
	<object class="MixerBusPanner" id="{5da29978-767f-4b22-b636-c938e2a61043}" />
	<object class="MixerBusFader" id="{6e73eb32-e301-4a01-8036-84cbe19aa5d4}" />
	<object class="ThreeEQEffect" id="{9005e002-6729-4817-b298-9bc4c725bdc8}" />
</objects>
