<?xml version="1.0" encoding="UTF-8"?>
<objects serializationModel="Studio.02.02.00">
	<object class="MixerMaster" id="{7bd2e274-9ba6-427a-b377-79bc40de3122}">
		<property name="name">
			<value>Master Bus</value>
		</property>
		<relationship name="effectChain">
			<destination>{9505026b-5271-4ccb-b1f7-cd3c311e6f6d}</destination>
		</relationship>
		<relationship name="panner">
			<destination>{bb20c7d7-fcba-4dcc-b417-c1f1f2646637}</destination>
		</relationship>
		<relationship name="mixer">
			<destination>{5ea5d71f-907e-47fe-aca3-a1b5d091314a}</destination>
		</relationship>
	</object>
	<object class="MixerBusEffectChain" id="{9505026b-5271-4ccb-b1f7-cd3c311e6f6d}">
		<relationship name="effects">
			<destination>{da43b273-6dee-496a-a8aa-54b5b984d7b8}</destination>
		</relationship>
	</object>
	<object class="MixerBusPanner" id="{bb20c7d7-fcba-4dcc-b417-c1f1f2646637}">
		<property name="overridingOutputFormat">
			<value>2</value>
		</property>
	</object>
	<object class="MixerBusFader" id="{da43b273-6dee-496a-a8aa-54b5b984d7b8}" />
</objects>
