<?xml version="1.0" encoding="UTF-8"?>
<objects serializationModel="Studio.02.02.00">
	<object class="Workspace" id="{910743fe-5b9b-4cf1-893e-cd336ef20a90}">
		<relationship name="masterEventFolder">
			<destination>{3a633574-2e9c-4282-be26-f511b9c7c760}</destination>
		</relationship>
		<relationship name="masterTagFolder">
			<destination>{a6fad8e4-7f3d-4433-9c35-bb633691a1f8}</destination>
		</relationship>
		<relationship name="masterEffectPresetFolder">
			<destination>{58e6567b-116a-4f23-8093-dd09ff7f5d93}</destination>
		</relationship>
		<relationship name="masterParameterPresetFolder">
			<destination>{2b5a80ef-f3c6-47b4-a690-94fdb341f228}</destination>
		</relationship>
		<relationship name="masterBankFolder">
			<destination>{c6fa5036-4c7a-42a8-a4f1-f114eddc10bc}</destination>
		</relationship>
		<relationship name="masterSandboxFolder">
			<destination>{88cc95e1-7d9a-4b05-8f8c-e861814e87be}</destination>
		</relationship>
		<relationship name="masterAssetFolder">
			<destination>{16689261-72e8-4d34-a0fe-0b2f621cbd4c}</destination>
		</relationship>
		<relationship name="mixer">
			<destination>{5ea5d71f-907e-47fe-aca3-a1b5d091314a}</destination>
		</relationship>
		<relationship name="profilerSessionFolder">
			<destination>{e0681587-0166-4172-819a-d30b7560d927}</destination>
		</relationship>
		<relationship name="platforms">
			<destination>{913c9e05-75c6-4fa5-b667-dd2b4e74b85c}</destination>
		</relationship>
	</object>
</objects>
