<?xml version="1.0" encoding="UTF-8"?>
<objects serializationModel="Studio.02.02.00">
	<object class="MixerReturn" id="{f7373068-1a10-4286-8f00-137fc23ef516}">
		<property name="overridingInputFormat">
			<value>2</value>
		</property>
		<property name="name">
			<value>Reverb</value>
		</property>
		<relationship name="effectChain">
			<destination>{c54e00e3-b231-4880-9088-b73524fe392b}</destination>
		</relationship>
		<relationship name="panner">
			<destination>{d5dada0d-5ded-4e2a-a091-b8369251d749}</destination>
		</relationship>
		<relationship name="output">
			<destination>{7bd2e274-9ba6-427a-b377-79bc40de3122}</destination>
		</relationship>
	</object>
	<object class="MixerBusEffectChain" id="{c54e00e3-b231-4880-9088-b73524fe392b}">
		<relationship name="effects">
			<destination>{36273733-8581-452c-896f-f82f2731f07c}</destination>
			<destination>{0064c8f1-c737-4326-b564-e9a845785b3d}</destination>
		</relationship>
	</object>
	<object class="MixerBusPanner" id="{d5dada0d-5ded-4e2a-a091-b8369251d749}" />
	<object class="SFXReverbEffect" id="{36273733-8581-452c-896f-f82f2731f07c}">
		<property name="wetLevel">
			<value>0</value>
		</property>
		<property name="dryLevel">
			<value>-80</value>
		</property>
	</object>
	<object class="MixerBusFader" id="{0064c8f1-c737-4326-b564-e9a845785b3d}" />
</objects>
