<?xml version="1.0" encoding="UTF-8"?>
<objects serializationModel="Studio.02.02.00">
	<object class="MixerMaster" id="{f389c6a8-4e61-4860-98b3-6867ffee5b11}">
		<property name="name">
			<value>Master Bus</value>
		</property>
		<relationship name="effectChain">
			<destination>{166c970f-96f4-4a36-96d5-660822e1cbdc}</destination>
		</relationship>
		<relationship name="panner">
			<destination>{fb5a4da1-c218-4468-a129-18fbc4ab0a91}</destination>
		</relationship>
		<relationship name="mixer">
			<destination>{60340862-0a56-483e-9f1e-bc88505eefc9}</destination>
		</relationship>
	</object>
	<object class="MixerBusEffectChain" id="{166c970f-96f4-4a36-96d5-660822e1cbdc}">
		<relationship name="effects">
			<destination>{ccdc82fe-6eb9-4d21-b428-fcab9c1b1521}</destination>
		</relationship>
	</object>
	<object class="MixerBusPanner" id="{fb5a4da1-c218-4468-a129-18fbc4ab0a91}">
		<property name="overridingOutputFormat">
			<value>2</value>
		</property>
	</object>
	<object class="MixerBusFader" id="{ccdc82fe-6eb9-4d21-b428-fcab9c1b1521}" />
</objects>
