<?xml version="1.0" encoding="UTF-8"?>
<objects serializationModel="Studio.02.02.00">
	<object class="Workspace" id="{9069840e-95dc-46cc-a92f-9c280b2085a0}">
		<relationship name="masterEventFolder">
			<destination>{858e0340-6514-40c9-a5a4-24d1dc22219a}</destination>
		</relationship>
		<relationship name="masterTagFolder">
			<destination>{bd1c7f36-434c-4450-a40e-83b597b8fa8e}</destination>
		</relationship>
		<relationship name="masterEffectPresetFolder">
			<destination>{ad792d41-c246-468c-a335-d585dabe1137}</destination>
		</relationship>
		<relationship name="masterParameterPresetFolder">
			<destination>{ce5c2a9b-6dac-47f1-bae4-df786182a7e1}</destination>
		</relationship>
		<relationship name="masterBankFolder">
			<destination>{0aa84dad-0ba4-45e0-9ede-5852456244a2}</destination>
		</relationship>
		<relationship name="masterSandboxFolder">
			<destination>{4b7e61e6-3c93-4b61-87fe-8a49b2a34b99}</destination>
		</relationship>
		<relationship name="masterAssetFolder">
			<destination>{1b7bc402-801a-4893-996e-62ff3eed1629}</destination>
		</relationship>
		<relationship name="mixer">
			<destination>{60340862-0a56-483e-9f1e-bc88505eefc9}</destination>
		</relationship>
		<relationship name="profilerSessionFolder">
			<destination>{6deada60-fd56-4bd0-80a2-96c712302bdf}</destination>
		</relationship>
		<relationship name="platforms">
			<destination>{ead3f525-d3ce-4635-9cd5-a9bc2b92f3fc}</destination>
		</relationship>
	</object>
</objects>
