<?xml version="1.0" encoding="UTF-8"?>
<objects serializationModel="Studio.02.02.00">
	<object class="EncodingSetting" id="{067ce644-0bea-4652-a13e-710bfe93f175}">
		<property name="encodingFormat">
			<value>3</value>
		</property>
		<property name="quality">
			<value>37</value>
		</property>
		<relationship name="platform">
			<destination>{2f244fac-b04f-4793-904f-3fd89a384326}</destination>
		</relationship>
		<relationship name="encodable">
			<destination>{2f244fac-b04f-4793-904f-3fd89a384326}</destination>
		</relationship>
	</object>
</objects>
