<?xml version="1.0" encoding="UTF-8"?>
<objects serializationModel="Studio.02.02.00">
	<object class="AudioFile" id="{b2d102ea-627e-4f81-a914-15f4496fe7ec}">
		<property name="assetPath">
			<value>pad.wav</value>
		</property>
		<property name="isStreaming">
			<value>true</value>
		</property>
		<property name="frequencyInKHz">
			<value>44.0999985</value>
		</property>
		<property name="channelCount">
			<value>2</value>
		</property>
		<property name="length">
			<value>53.333333333333336</value>
		</property>
		<relationship name="masterAssetFolder">
			<destination>{16689261-72e8-4d34-a0fe-0b2f621cbd4c}</destination>
		</relationship>
	</object>
</objects>
