<?xml version="1.0" encoding="UTF-8"?>
<objects serializationModel="Studio.02.02.00">
	<object class="Workspace" id="{c6a1e80a-8d54-4dd4-81de-3691d0148076}">
		<relationship name="projectSettings">
			<destination>{cfb8d0fd-0a84-420a-959f-fe00183db0d6}</destination>
		</relationship>
		<relationship name="changelist">
			<destination>{f383658a-92e0-4bc1-84c7-6ff7d0a88ce3}</destination>
		</relationship>
	</object>
	<object class="ProjectSettings" id="{cfb8d0fd-0a84-420a-959f-fe00183db0d6}">
		<relationship name="activePlatform">
			<destination>{bf565011-b7c8-4610-a53c-7b914b402e39}</destination>
		</relationship>
	</object>
	<object class="WorkspaceChangelist" id="{f383658a-92e0-4bc1-84c7-6ff7d0a88ce3}" />
</objects>
