<?xml version="1.0" encoding="UTF-8"?>
<objects serializationModel="Studio.02.02.00">
	<object class="ParameterPreset" id="{0072aed6-62a1-40f6-9887-02652815f44c}">
		<property name="name">
			<value>Param1</value>
		</property>
		<relationship name="folder">
			<destination>{c0271021-7e9c-430e-ac8f-9696972f0de8}</destination>
		</relationship>
		<relationship name="parameter">
			<destination>{9d883b12-398b-4f4f-9dd7-a452e84a3219}</destination>
		</relationship>
	</object>
	<object class="GameParameter" id="{9d883b12-398b-4f4f-9dd7-a452e84a3219}">
		<property name="initialValue">
			<value>0</value>
		</property>
	</object>
</objects>
