<?xml version="1.0" encoding="UTF-8"?>
<objects serializationModel="Studio.02.02.00">
	<object class="ParameterPreset" id="{9685cd19-ceef-4b1a-9540-c89f1ddf1e42}">
		<property name="name">
			<value>Timer</value>
		</property>
		<relationship name="folder">
			<destination>{c0271021-7e9c-430e-ac8f-9696972f0de8}</destination>
		</relationship>
		<relationship name="parameter">
			<destination>{1793ed23-2b35-42bf-8e03-3d14a16f3725}</destination>
		</relationship>
	</object>
	<object class="GameParameter" id="{1793ed23-2b35-42bf-8e03-3d14a16f3725}">
		<property name="maximum">
			<value>120</value>
		</property>
		<property name="initialValue">
			<value>120</value>
		</property>
		<property name="velocity">
			<value>20</value>
		</property>
		<property name="seekSpeed">
			<value>60</value>
		</property>
		<property name="isExposedRecursively">
			<value>false</value>
		</property>
	</object>
</objects>
