<?xml version="1.0" encoding="UTF-8"?>
<objects serializationModel="Studio.02.02.00">
	<object class="MixerMaster" id="{adb68754-169a-4f89-ab84-44df84ffd9c5}">
		<property name="name">
			<value>Master Bus</value>
		</property>
		<relationship name="effectChain">
			<destination>{0eea64ca-0704-4926-8116-cd49ac30d60e}</destination>
		</relationship>
		<relationship name="panner">
			<destination>{8e3ff668-2063-4824-9988-5044ad2ae1fd}</destination>
		</relationship>
		<relationship name="mixer">
			<destination>{8f44e49c-7d2f-481d-8cee-eb3c6925d051}</destination>
		</relationship>
	</object>
	<object class="MixerBusEffectChain" id="{0eea64ca-0704-4926-8116-cd49ac30d60e}">
		<relationship name="effects">
			<destination>{9adbc45c-78a2-4781-b6d5-5d4962a7a2cb}</destination>
		</relationship>
	</object>
	<object class="MixerBusPanner" id="{8e3ff668-2063-4824-9988-5044ad2ae1fd}">
		<property name="overridingOutputFormat">
			<value>2</value>
		</property>
	</object>
	<object class="MixerBusFader" id="{9adbc45c-78a2-4781-b6d5-5d4962a7a2cb}" />
</objects>
