<?xml version="1.0" encoding="UTF-8"?>
<objects serializationModel="Studio.02.02.00">
	<object class="Event" id="{66185986-d40f-49d0-a569-86b3b4ef96fa}">
		<property name="name">
			<value>Level1BgMusic</value>
		</property>
		<property name="outputFormat">
			<value>1</value>
		</property>
		<relationship name="folder">
			<destination>{3a633574-2e9c-4282-be26-f511b9c7c760}</destination>
		</relationship>
		<relationship name="mixer">
			<destination>{92d30d18-1b31-4dce-a866-6927432af46f}</destination>
		</relationship>
		<relationship name="masterTrack">
			<destination>{c0de4430-442a-4337-80ee-abbd527e25f6}</destination>
		</relationship>
		<relationship name="mixerInput">
			<destination>{ab754bf3-9463-4802-af4a-249af3c0ca2d}</destination>
		</relationship>
		<relationship name="automatableProperties">
			<destination>{66323d69-3831-48c9-a08d-f24dbc97c332}</destination>
		</relationship>
		<relationship name="markerTracks">
			<destination>{8ec96755-67e4-45fa-86dd-aec2d37032e7}</destination>
		</relationship>
		<relationship name="groupTracks">
			<destination>{75cf874e-f98d-4ea0-8cbd-54913adebad6}</destination>
			<destination>{eae86c60-dbdb-4e0f-a49d-f709bc2b3a1b}</destination>
			<destination>{e5f27172-01d1-4682-bded-5dc5dd5165e8}</destination>
			<destination>{46b3b917-c23b-47e8-bc66-962bed0cf408}</destination>
		</relationship>
		<relationship name="timeline">
			<destination>{add87bbd-1cd9-44f7-953a-90c746409252}</destination>
		</relationship>
		<relationship name="parameters">
			<destination>{3590064e-b268-49f7-b5fd-be5f221e02cf}</destination>
		</relationship>
	</object>
	<object class="EventMixer" id="{92d30d18-1b31-4dce-a866-6927432af46f}">
		<relationship name="masterBus">
			<destination>{82d97bb0-37c2-409b-a907-407ccd12a823}</destination>
		</relationship>
	</object>
	<object class="MasterTrack" id="{c0de4430-442a-4337-80ee-abbd527e25f6}">
		<relationship name="mixerGroup">
			<destination>{82d97bb0-37c2-409b-a907-407ccd12a823}</destination>
		</relationship>
	</object>
	<object class="MixerInput" id="{ab754bf3-9463-4802-af4a-249af3c0ca2d}">
		<relationship name="effectChain">
			<destination>{8b103f5f-f6c5-417d-9871-b2ad1e0aff75}</destination>
		</relationship>
		<relationship name="panner">
			<destination>{684c4d90-3fa9-4584-ba7a-16c25de661ee}</destination>
		</relationship>
		<relationship name="output">
			<destination>{7bd2e274-9ba6-427a-b377-79bc40de3122}</destination>
		</relationship>
	</object>
	<object class="EventAutomatableProperties" id="{66323d69-3831-48c9-a08d-f24dbc97c332}" />
	<object class="MarkerTrack" id="{8ec96755-67e4-45fa-86dd-aec2d37032e7}" />
	<object class="GroupTrack" id="{75cf874e-f98d-4ea0-8cbd-54913adebad6}">
		<relationship name="automationTracks">
			<destination>{66d596a4-8d98-4d69-ae83-1c35c59ee09e}</destination>
			<destination>{cf68b7c9-b260-49f3-9c52-ddf1a478482d}</destination>
		</relationship>
		<relationship name="modules">
			<destination>{7eb65d2e-cb89-439c-83fd-39d64441b5d6}</destination>
		</relationship>
		<relationship name="mixerGroup">
			<destination>{3b30b5cc-882e-48b3-937f-222e4852b411}</destination>
		</relationship>
	</object>
	<object class="GroupTrack" id="{eae86c60-dbdb-4e0f-a49d-f709bc2b3a1b}">
		<relationship name="automationTracks">
			<destination>{e9e6f738-2797-4ce6-8a16-4fb10e9f3e96}</destination>
			<destination>{e12b513d-9758-4b60-b722-30af95dca7fd}</destination>
		</relationship>
		<relationship name="modules">
			<destination>{c6c51471-722b-414a-9016-fdb7f9326b9a}</destination>
		</relationship>
		<relationship name="mixerGroup">
			<destination>{2fe86284-faed-4a0a-aa12-20a6bea8ec75}</destination>
		</relationship>
	</object>
	<object class="GroupTrack" id="{e5f27172-01d1-4682-bded-5dc5dd5165e8}">
		<relationship name="automationTracks">
			<destination>{d4127936-4704-48b0-92e9-7a770a7a07f1}</destination>
			<destination>{74538319-179b-4a49-b76a-47389286b782}</destination>
		</relationship>
		<relationship name="modules">
			<destination>{5765ddc1-37cb-436e-8bfa-deadc112cb20}</destination>
		</relationship>
		<relationship name="mixerGroup">
			<destination>{b6fd5392-1994-41ee-a877-11f9625e4965}</destination>
		</relationship>
	</object>
	<object class="GroupTrack" id="{46b3b917-c23b-47e8-bc66-962bed0cf408}">
		<relationship name="automationTracks">
			<destination>{b6ba72c2-091b-47f0-b3ba-9dec1475e47f}</destination>
			<destination>{fd769202-f6c7-4250-b9ed-ec9358b65259}</destination>
		</relationship>
		<relationship name="modules">
			<destination>{5912c74a-ebe3-42b2-84ee-c406016df4a9}</destination>
		</relationship>
		<relationship name="mixerGroup">
			<destination>{5cf64774-f6ff-4378-a7ae-d371c2dce62d}</destination>
		</relationship>
	</object>
	<object class="Timeline" id="{add87bbd-1cd9-44f7-953a-90c746409252}">
		<relationship name="modules">
			<destination>{7eb65d2e-cb89-439c-83fd-39d64441b5d6}</destination>
			<destination>{c6c51471-722b-414a-9016-fdb7f9326b9a}</destination>
			<destination>{5765ddc1-37cb-436e-8bfa-deadc112cb20}</destination>
			<destination>{5912c74a-ebe3-42b2-84ee-c406016df4a9}</destination>
		</relationship>
	</object>
	<object class="ParameterProxy" id="{3590064e-b268-49f7-b5fd-be5f221e02cf}">
		<relationship name="preset">
			<destination>{325c8f7b-76c8-4e63-be16-b9749b223d9f}</destination>
		</relationship>
	</object>
	<object class="EventMixerMaster" id="{82d97bb0-37c2-409b-a907-407ccd12a823}">
		<relationship name="effectChain">
			<destination>{5ebd009c-c2d2-46d3-84e7-27488fbee4ae}</destination>
		</relationship>
		<relationship name="panner">
			<destination>{b7dee646-c3d4-4878-88eb-fc749f95d05d}</destination>
		</relationship>
		<relationship name="mixer">
			<destination>{92d30d18-1b31-4dce-a866-6927432af46f}</destination>
		</relationship>
	</object>
	<object class="MixerBusEffectChain" id="{8b103f5f-f6c5-417d-9871-b2ad1e0aff75}">
		<relationship name="effects">
			<destination>{b870643e-3183-4656-be85-b8ca066f86a5}</destination>
		</relationship>
	</object>
	<object class="MixerBusPanner" id="{684c4d90-3fa9-4584-ba7a-16c25de661ee}" />
	<object class="AutomationTrack" id="{66d596a4-8d98-4d69-ae83-1c35c59ee09e}">
		<relationship name="automator">
			<destination>{e16f2dbf-9915-4abe-9c29-5c3b3929fa23}</destination>
		</relationship>
	</object>
	<object class="AutomationTrack" id="{cf68b7c9-b260-49f3-9c52-ddf1a478482d}">
		<relationship name="automator">
			<destination>{5d85c6fa-a667-4218-ae39-64c28c3229eb}</destination>
		</relationship>
	</object>
	<object class="SingleSound" id="{7eb65d2e-cb89-439c-83fd-39d64441b5d6}">
		<property name="length">
			<value>53.333333333333336</value>
		</property>
		<relationship name="audioFile">
			<destination>{7ba8f1ec-ad58-4935-af51-520608e56fdc}</destination>
		</relationship>
	</object>
	<object class="EventMixerGroup" id="{3b30b5cc-882e-48b3-937f-222e4852b411}">
		<property name="name">
			<value>Audio 1</value>
		</property>
		<relationship name="effectChain">
			<destination>{59d2cd23-30a8-46bf-9b55-ce1a00aafdd4}</destination>
		</relationship>
		<relationship name="panner">
			<destination>{5387da9a-20c6-489e-a46c-fa5ed7198ae3}</destination>
		</relationship>
		<relationship name="output">
			<destination>{82d97bb0-37c2-409b-a907-407ccd12a823}</destination>
		</relationship>
	</object>
	<object class="AutomationTrack" id="{e9e6f738-2797-4ce6-8a16-4fb10e9f3e96}">
		<relationship name="automator">
			<destination>{a38417c8-b5d7-445a-b4db-b04398b87e12}</destination>
		</relationship>
	</object>
	<object class="AutomationTrack" id="{e12b513d-9758-4b60-b722-30af95dca7fd}">
		<relationship name="automator">
			<destination>{9de6ed8e-8f30-4e42-b8b8-ce27b913a603}</destination>
		</relationship>
	</object>
	<object class="SingleSound" id="{c6c51471-722b-414a-9016-fdb7f9326b9a}">
		<property name="length">
			<value>53.333333333333336</value>
		</property>
		<relationship name="audioFile">
			<destination>{b2d102ea-627e-4f81-a914-15f4496fe7ec}</destination>
		</relationship>
	</object>
	<object class="EventMixerGroup" id="{2fe86284-faed-4a0a-aa12-20a6bea8ec75}">
		<property name="name">
			<value>Audio 2</value>
		</property>
		<relationship name="effectChain">
			<destination>{98cad85c-3733-413a-bd61-ff83d70e321d}</destination>
		</relationship>
		<relationship name="panner">
			<destination>{1edaf414-6798-4009-99e3-aa2bc719c80c}</destination>
		</relationship>
		<relationship name="output">
			<destination>{82d97bb0-37c2-409b-a907-407ccd12a823}</destination>
		</relationship>
	</object>
	<object class="AutomationTrack" id="{d4127936-4704-48b0-92e9-7a770a7a07f1}">
		<relationship name="automator">
			<destination>{0ab9265d-69fe-4bee-afe9-dfb208f865c3}</destination>
		</relationship>
	</object>
	<object class="AutomationTrack" id="{74538319-179b-4a49-b76a-47389286b782}">
		<relationship name="automator">
			<destination>{ea7fca00-39a2-4259-8d40-a5d0de355c8c}</destination>
		</relationship>
	</object>
	<object class="SingleSound" id="{5765ddc1-37cb-436e-8bfa-deadc112cb20}">
		<property name="length">
			<value>53.333333333333336</value>
		</property>
		<relationship name="audioFile">
			<destination>{bd7a290a-cbad-4b32-a7b9-1e162b64bdb0}</destination>
		</relationship>
	</object>
	<object class="EventMixerGroup" id="{b6fd5392-1994-41ee-a877-11f9625e4965}">
		<property name="name">
			<value>Audio 3</value>
		</property>
		<relationship name="effectChain">
			<destination>{d1a222db-19de-4983-b39e-dadb34819f68}</destination>
		</relationship>
		<relationship name="panner">
			<destination>{a01a950a-d16d-42fd-9e79-e0142faed283}</destination>
		</relationship>
		<relationship name="output">
			<destination>{82d97bb0-37c2-409b-a907-407ccd12a823}</destination>
		</relationship>
	</object>
	<object class="AutomationTrack" id="{b6ba72c2-091b-47f0-b3ba-9dec1475e47f}">
		<relationship name="automator">
			<destination>{9d6c0b6a-6078-4262-b175-26f612b8d89d}</destination>
		</relationship>
	</object>
	<object class="AutomationTrack" id="{fd769202-f6c7-4250-b9ed-ec9358b65259}">
		<relationship name="automator">
			<destination>{bcb8b7b8-9457-4f07-b18c-627467ca1037}</destination>
		</relationship>
	</object>
	<object class="SingleSound" id="{5912c74a-ebe3-42b2-84ee-c406016df4a9}">
		<property name="length">
			<value>53.333333333333336</value>
		</property>
		<relationship name="audioFile">
			<destination>{1801adf9-0a1f-4ef6-befe-ca480db8141b}</destination>
		</relationship>
	</object>
	<object class="EventMixerGroup" id="{5cf64774-f6ff-4378-a7ae-d371c2dce62d}">
		<property name="name">
			<value>Audio 4</value>
		</property>
		<relationship name="effectChain">
			<destination>{47585476-1d5b-444d-a9a5-da85dd090198}</destination>
		</relationship>
		<relationship name="panner">
			<destination>{6a1bbfd5-b5fa-493d-b817-5d2cf610c801}</destination>
		</relationship>
		<relationship name="output">
			<destination>{82d97bb0-37c2-409b-a907-407ccd12a823}</destination>
		</relationship>
	</object>
	<object class="MixerBusEffectChain" id="{5ebd009c-c2d2-46d3-84e7-27488fbee4ae}">
		<relationship name="effects">
			<destination>{19bf7eb4-b405-49db-a5ca-21282fbca14e}</destination>
		</relationship>
	</object>
	<object class="MixerBusPanner" id="{b7dee646-c3d4-4878-88eb-fc749f95d05d}" />
	<object class="MixerBusFader" id="{b870643e-3183-4656-be85-b8ca066f86a5}" />
	<object class="MixerBusEffectChain" id="{59d2cd23-30a8-46bf-9b55-ce1a00aafdd4}">
		<relationship name="effects">
			<destination>{244cc517-aa96-417d-b8d5-ad32e5557f21}</destination>
			<destination>{774814a8-ef9d-452c-ab12-d6deb61ab43c}</destination>
			<destination>{d865ec6b-7db4-4777-98b3-786935073cb2}</destination>
		</relationship>
	</object>
	<object class="MixerBusPanner" id="{5387da9a-20c6-489e-a46c-fa5ed7198ae3}" />
	<object class="MixerBusEffectChain" id="{98cad85c-3733-413a-bd61-ff83d70e321d}">
		<relationship name="effects">
			<destination>{0eb88971-ad94-4ab2-8722-d5af26fef968}</destination>
			<destination>{4543de39-c296-44fe-8436-c10377691b6d}</destination>
			<destination>{3e690b5b-ed3d-47e9-9c12-97721acc56e4}</destination>
		</relationship>
	</object>
	<object class="MixerBusPanner" id="{1edaf414-6798-4009-99e3-aa2bc719c80c}" />
	<object class="MixerBusEffectChain" id="{d1a222db-19de-4983-b39e-dadb34819f68}">
		<relationship name="effects">
			<destination>{be3d0d08-ef9a-4e36-8528-6bfa34c10cb0}</destination>
			<destination>{b7de566a-7306-49c4-8e42-13a0da003df2}</destination>
			<destination>{c3deb6b3-6887-4e11-81dc-619b75f71b1a}</destination>
		</relationship>
	</object>
	<object class="MixerBusPanner" id="{a01a950a-d16d-42fd-9e79-e0142faed283}" />
	<object class="MixerBusEffectChain" id="{47585476-1d5b-444d-a9a5-da85dd090198}">
		<relationship name="effects">
			<destination>{25dd4028-df51-456a-9176-4fadaae1cb90}</destination>
			<destination>{ab88611a-067b-497c-9948-2332a16fec6f}</destination>
			<destination>{bc24c980-9672-49d7-85fb-2dc4ca111657}</destination>
		</relationship>
	</object>
	<object class="MixerBusPanner" id="{6a1bbfd5-b5fa-493d-b817-5d2cf610c801}" />
	<object class="MixerBusFader" id="{19bf7eb4-b405-49db-a5ca-21282fbca14e}" />
	<object class="MixerBusFader" id="{244cc517-aa96-417d-b8d5-ad32e5557f21}" />
	<object class="PitchShifterEffect" id="{774814a8-ef9d-452c-ab12-d6deb61ab43c}">
		<relationship name="automators">
			<destination>{e16f2dbf-9915-4abe-9c29-5c3b3929fa23}</destination>
		</relationship>
	</object>
	<object class="MultibandEqEffect" id="{d865ec6b-7db4-4777-98b3-786935073cb2}">
		<property name="filterTypeA">
			<value>4</value>
		</property>
		<property name="frequencyA">
			<value>20.0000019</value>
		</property>
		<property name="qualityA">
			<value>0.775642395</value>
		</property>
		<relationship name="automators">
			<destination>{5d85c6fa-a667-4218-ae39-64c28c3229eb}</destination>
		</relationship>
	</object>
	<object class="MixerBusFader" id="{0eb88971-ad94-4ab2-8722-d5af26fef968}" />
	<object class="PitchShifterEffect" id="{4543de39-c296-44fe-8436-c10377691b6d}">
		<property name="pitch">
			<value>1</value>
		</property>
		<relationship name="automators">
			<destination>{a38417c8-b5d7-445a-b4db-b04398b87e12}</destination>
		</relationship>
	</object>
	<object class="MultibandEqEffect" id="{3e690b5b-ed3d-47e9-9c12-97721acc56e4}">
		<property name="filterTypeA">
			<value>4</value>
		</property>
		<property name="frequencyA">
			<value>20.0000019</value>
		</property>
		<property name="qualityA">
			<value>0.775642395</value>
		</property>
		<relationship name="automators">
			<destination>{9de6ed8e-8f30-4e42-b8b8-ce27b913a603}</destination>
		</relationship>
	</object>
	<object class="MixerBusFader" id="{be3d0d08-ef9a-4e36-8528-6bfa34c10cb0}" />
	<object class="PitchShifterEffect" id="{b7de566a-7306-49c4-8e42-13a0da003df2}">
		<property name="pitch">
			<value>1</value>
		</property>
		<relationship name="automators">
			<destination>{0ab9265d-69fe-4bee-afe9-dfb208f865c3}</destination>
		</relationship>
	</object>
	<object class="MultibandEqEffect" id="{c3deb6b3-6887-4e11-81dc-619b75f71b1a}">
		<property name="filterTypeA">
			<value>4</value>
		</property>
		<property name="frequencyA">
			<value>20.0000019</value>
		</property>
		<property name="qualityA">
			<value>0.775642395</value>
		</property>
		<relationship name="automators">
			<destination>{ea7fca00-39a2-4259-8d40-a5d0de355c8c}</destination>
		</relationship>
	</object>
	<object class="MixerBusFader" id="{25dd4028-df51-456a-9176-4fadaae1cb90}" />
	<object class="PitchShifterEffect" id="{ab88611a-067b-497c-9948-2332a16fec6f}">
		<property name="pitch">
			<value>1</value>
		</property>
		<relationship name="automators">
			<destination>{9d6c0b6a-6078-4262-b175-26f612b8d89d}</destination>
		</relationship>
	</object>
	<object class="MultibandEqEffect" id="{bc24c980-9672-49d7-85fb-2dc4ca111657}">
		<property name="filterTypeA">
			<value>4</value>
		</property>
		<property name="frequencyA">
			<value>20.0000019</value>
		</property>
		<property name="qualityA">
			<value>0.775642395</value>
		</property>
		<relationship name="automators">
			<destination>{bcb8b7b8-9457-4f07-b18c-627467ca1037}</destination>
		</relationship>
	</object>
	<object class="Automator" id="{e16f2dbf-9915-4abe-9c29-5c3b3929fa23}">
		<property name="nameOfPropertyBeingAutomated">
			<value>pitch</value>
		</property>
		<relationship name="automationCurves">
			<destination>{c233683d-31bf-47e2-ba5b-e8efed135324}</destination>
		</relationship>
	</object>
	<object class="Automator" id="{5d85c6fa-a667-4218-ae39-64c28c3229eb}">
		<property name="nameOfPropertyBeingAutomated">
			<value>frequencyA</value>
		</property>
		<relationship name="automationCurves">
			<destination>{b8832605-7969-4413-bd90-38ec5f0a1d0e}</destination>
		</relationship>
	</object>
	<object class="Automator" id="{a38417c8-b5d7-445a-b4db-b04398b87e12}">
		<property name="nameOfPropertyBeingAutomated">
			<value>pitch</value>
		</property>
		<relationship name="automationCurves">
			<destination>{e5fdc356-65e8-4c7b-91ca-efe67a7f38ba}</destination>
		</relationship>
	</object>
	<object class="Automator" id="{9de6ed8e-8f30-4e42-b8b8-ce27b913a603}">
		<property name="nameOfPropertyBeingAutomated">
			<value>frequencyA</value>
		</property>
		<relationship name="automationCurves">
			<destination>{2d8c2653-8316-4c85-88be-31bc4a1c7e29}</destination>
		</relationship>
	</object>
	<object class="Automator" id="{0ab9265d-69fe-4bee-afe9-dfb208f865c3}">
		<property name="nameOfPropertyBeingAutomated">
			<value>pitch</value>
		</property>
		<relationship name="automationCurves">
			<destination>{878e9abd-2027-4f63-9e9a-4c920271ea7f}</destination>
		</relationship>
	</object>
	<object class="Automator" id="{ea7fca00-39a2-4259-8d40-a5d0de355c8c}">
		<property name="nameOfPropertyBeingAutomated">
			<value>frequencyA</value>
		</property>
		<relationship name="automationCurves">
			<destination>{0fe0b8a6-3ce4-4ff9-b6a4-569fab987b4a}</destination>
		</relationship>
	</object>
	<object class="Automator" id="{9d6c0b6a-6078-4262-b175-26f612b8d89d}">
		<property name="nameOfPropertyBeingAutomated">
			<value>pitch</value>
		</property>
		<relationship name="automationCurves">
			<destination>{663a92e7-77a4-487a-84c4-8e27fdce6cc1}</destination>
		</relationship>
	</object>
	<object class="Automator" id="{bcb8b7b8-9457-4f07-b18c-627467ca1037}">
		<property name="nameOfPropertyBeingAutomated">
			<value>frequencyA</value>
		</property>
		<relationship name="automationCurves">
			<destination>{b69ba06c-03ab-4b05-981f-76ed0a3ed927}</destination>
		</relationship>
	</object>
	<object class="AutomationCurve" id="{c233683d-31bf-47e2-ba5b-e8efed135324}">
		<relationship name="parameter">
			<destination>{325c8f7b-76c8-4e63-be16-b9749b223d9f}</destination>
		</relationship>
		<relationship name="automationPoints">
			<destination>{bd5f12de-9193-4f31-beb4-be3c9a4b939e}</destination>
			<destination>{8d94b58e-0344-4e0f-a002-598d3e80b2fd}</destination>
		</relationship>
	</object>
	<object class="AutomationCurve" id="{b8832605-7969-4413-bd90-38ec5f0a1d0e}">
		<relationship name="parameter">
			<destination>{325c8f7b-76c8-4e63-be16-b9749b223d9f}</destination>
		</relationship>
		<relationship name="automationPoints">
			<destination>{667f11ad-a6b2-4970-9603-158b0bc8fb1f}</destination>
			<destination>{30e656b7-4362-49a5-a512-6eceaa5886cd}</destination>
		</relationship>
	</object>
	<object class="AutomationCurve" id="{e5fdc356-65e8-4c7b-91ca-efe67a7f38ba}">
		<relationship name="parameter">
			<destination>{325c8f7b-76c8-4e63-be16-b9749b223d9f}</destination>
		</relationship>
		<relationship name="automationPoints">
			<destination>{149fee1a-6f4f-472b-964f-fda9037c1fce}</destination>
			<destination>{ba32bca0-1798-4f3b-ab21-bf9bffc1994c}</destination>
		</relationship>
	</object>
	<object class="AutomationCurve" id="{2d8c2653-8316-4c85-88be-31bc4a1c7e29}">
		<relationship name="parameter">
			<destination>{325c8f7b-76c8-4e63-be16-b9749b223d9f}</destination>
		</relationship>
		<relationship name="automationPoints">
			<destination>{677c7414-aca7-4c3c-b3bc-b962a7e44c58}</destination>
			<destination>{e4e70394-3603-4e45-8155-af9838e4fc74}</destination>
		</relationship>
	</object>
	<object class="AutomationCurve" id="{878e9abd-2027-4f63-9e9a-4c920271ea7f}">
		<relationship name="parameter">
			<destination>{325c8f7b-76c8-4e63-be16-b9749b223d9f}</destination>
		</relationship>
		<relationship name="automationPoints">
			<destination>{f1482460-ba96-445b-bff3-d8de7412465c}</destination>
			<destination>{8b83f2d6-9641-4b20-873b-bc3cf1bdd1e0}</destination>
		</relationship>
	</object>
	<object class="AutomationCurve" id="{0fe0b8a6-3ce4-4ff9-b6a4-569fab987b4a}">
		<relationship name="parameter">
			<destination>{325c8f7b-76c8-4e63-be16-b9749b223d9f}</destination>
		</relationship>
		<relationship name="automationPoints">
			<destination>{939bb8aa-3a26-42af-adc8-c33716a66432}</destination>
			<destination>{88cf357b-0727-4fe1-9b81-d46843a738ad}</destination>
		</relationship>
	</object>
	<object class="AutomationCurve" id="{663a92e7-77a4-487a-84c4-8e27fdce6cc1}">
		<relationship name="parameter">
			<destination>{325c8f7b-76c8-4e63-be16-b9749b223d9f}</destination>
		</relationship>
		<relationship name="automationPoints">
			<destination>{101b02b3-2f78-48a9-903b-75604ed99430}</destination>
			<destination>{c00a5a53-2368-461b-9df3-197b92b13a5e}</destination>
		</relationship>
	</object>
	<object class="AutomationCurve" id="{b69ba06c-03ab-4b05-981f-76ed0a3ed927}">
		<relationship name="parameter">
			<destination>{325c8f7b-76c8-4e63-be16-b9749b223d9f}</destination>
		</relationship>
		<relationship name="automationPoints">
			<destination>{9049f033-8d35-45a7-a80d-0d7d1e120386}</destination>
			<destination>{00fcdb12-494d-42de-9478-10d3147c3ce5}</destination>
		</relationship>
	</object>
	<object class="AutomationPoint" id="{bd5f12de-9193-4f31-beb4-be3c9a4b939e}">
		<property name="position">
			<value>60</value>
		</property>
		<property name="value">
			<value>1</value>
		</property>
	</object>
	<object class="AutomationPoint" id="{8d94b58e-0344-4e0f-a002-598d3e80b2fd}">
		<property name="position">
			<value>119.34959349593495</value>
		</property>
		<property name="value">
			<value>2</value>
		</property>
	</object>
	<object class="AutomationPoint" id="{667f11ad-a6b2-4970-9603-158b0bc8fb1f}">
		<property name="position">
			<value>90.40650406504065</value>
		</property>
		<property name="value">
			<value>20.0000019</value>
		</property>
	</object>
	<object class="AutomationPoint" id="{30e656b7-4362-49a5-a512-6eceaa5886cd}">
		<property name="position">
			<value>120</value>
		</property>
		<property name="value">
			<value>3000</value>
		</property>
	</object>
	<object class="AutomationPoint" id="{149fee1a-6f4f-472b-964f-fda9037c1fce}">
		<property name="position">
			<value>60.325203252032516</value>
		</property>
		<property name="value">
			<value>1</value>
		</property>
	</object>
	<object class="AutomationPoint" id="{ba32bca0-1798-4f3b-ab21-bf9bffc1994c}">
		<property name="position">
			<value>120</value>
		</property>
		<property name="value">
			<value>2</value>
		</property>
	</object>
	<object class="AutomationPoint" id="{677c7414-aca7-4c3c-b3bc-b962a7e44c58}">
		<property name="position">
			<value>90.731707317073173</value>
		</property>
		<property name="value">
			<value>20.0000019</value>
		</property>
	</object>
	<object class="AutomationPoint" id="{e4e70394-3603-4e45-8155-af9838e4fc74}">
		<property name="position">
			<value>120</value>
		</property>
		<property name="value">
			<value>3000</value>
		</property>
	</object>
	<object class="AutomationPoint" id="{f1482460-ba96-445b-bff3-d8de7412465c}">
		<property name="position">
			<value>60.162601626016261</value>
		</property>
		<property name="value">
			<value>1</value>
		</property>
	</object>
	<object class="AutomationPoint" id="{8b83f2d6-9641-4b20-873b-bc3cf1bdd1e0}">
		<property name="position">
			<value>120</value>
		</property>
		<property name="value">
			<value>2</value>
		</property>
	</object>
	<object class="AutomationPoint" id="{939bb8aa-3a26-42af-adc8-c33716a66432}">
		<property name="position">
			<value>90.081300813008127</value>
		</property>
		<property name="value">
			<value>20.0000019</value>
		</property>
	</object>
	<object class="AutomationPoint" id="{88cf357b-0727-4fe1-9b81-d46843a738ad}">
		<property name="position">
			<value>120</value>
		</property>
		<property name="value">
			<value>3000</value>
		</property>
	</object>
	<object class="AutomationPoint" id="{101b02b3-2f78-48a9-903b-75604ed99430}">
		<property name="position">
			<value>60.162601626016261</value>
		</property>
		<property name="value">
			<value>1</value>
		</property>
	</object>
	<object class="AutomationPoint" id="{c00a5a53-2368-461b-9df3-197b92b13a5e}">
		<property name="position">
			<value>120</value>
		</property>
		<property name="value">
			<value>2</value>
		</property>
	</object>
	<object class="AutomationPoint" id="{9049f033-8d35-45a7-a80d-0d7d1e120386}">
		<property name="position">
			<value>90.243902439024382</value>
		</property>
		<property name="value">
			<value>20.0000019</value>
		</property>
	</object>
	<object class="AutomationPoint" id="{00fcdb12-494d-42de-9478-10d3147c3ce5}">
		<property name="position">
			<value>120</value>
		</property>
		<property name="value">
			<value>3000</value>
		</property>
	</object>
</objects>
