<?xml version="1.0" encoding="UTF-8"?>
<objects serializationModel="Studio.02.02.00">
	<object class="MixerReturn" id="{5a3308ff-c4c7-48ad-aed5-264e4ee77ffb}">
		<property name="overridingInputFormat">
			<value>2</value>
		</property>
		<property name="name">
			<value>Reverb</value>
		</property>
		<relationship name="effectChain">
			<destination>{d662e865-48ec-4f53-87ab-0e591a11fb20}</destination>
		</relationship>
		<relationship name="panner">
			<destination>{94dd98a6-6f76-4a04-8361-ef59adc7b18e}</destination>
		</relationship>
		<relationship name="output">
			<destination>{5bf1c04f-e3de-433f-8f8a-54c977a923d8}</destination>
		</relationship>
	</object>
	<object class="MixerBusEffectChain" id="{d662e865-48ec-4f53-87ab-0e591a11fb20}">
		<relationship name="effects">
			<destination>{e79fe61e-ee31-4fb3-83ab-800cfee963b9}</destination>
			<destination>{72c37228-29d8-47ca-8c70-a4736eec51d6}</destination>
		</relationship>
	</object>
	<object class="MixerBusPanner" id="{94dd98a6-6f76-4a04-8361-ef59adc7b18e}" />
	<object class="SFXReverbEffect" id="{e79fe61e-ee31-4fb3-83ab-800cfee963b9}">
		<property name="wetLevel">
			<value>0</value>
		</property>
		<property name="dryLevel">
			<value>-80</value>
		</property>
	</object>
	<object class="MixerBusFader" id="{72c37228-29d8-47ca-8c70-a4736eec51d6}" />
</objects>
