<?xml version="1.0" encoding="UTF-8"?>
<objects serializationModel="Studio.02.02.00">
	<object class="ParameterPreset" id="{acf11095-c300-43b1-90f9-4c2997bc87c4}">
		<property name="name">
			<value>Timer</value>
		</property>
		<relationship name="folder">
			<destination>{f5643c99-0e5e-4565-81be-5ac08dedcef1}</destination>
		</relationship>
		<relationship name="parameter">
			<destination>{8a3f3a49-ebaf-46b3-a757-3e726263cb57}</destination>
		</relationship>
	</object>
	<object class="GameParameter" id="{8a3f3a49-ebaf-46b3-a757-3e726263cb57}">
		<property name="maximum">
			<value>120</value>
		</property>
		<property name="initialValue">
			<value>120</value>
		</property>
		<property name="seekSpeed">
			<value>1</value>
		</property>
	</object>
</objects>
