<?xml version="1.0" encoding="UTF-8"?>
<objects serializationModel="Studio.02.02.00">
	<object class="MixerMaster" id="{c2b0e320-8fc9-4488-93c6-4846d4b5077e}">
		<property name="name">
			<value>Master Bus</value>
		</property>
		<relationship name="effectChain">
			<destination>{4206e913-83fb-463b-b406-69c98bbabe93}</destination>
		</relationship>
		<relationship name="panner">
			<destination>{ae30c0b2-9651-4401-adee-d54e0b4e3056}</destination>
		</relationship>
		<relationship name="mixer">
			<destination>{fcb8b5d3-76c3-44cc-a831-0c26a2dc7893}</destination>
		</relationship>
	</object>
	<object class="MixerBusEffectChain" id="{4206e913-83fb-463b-b406-69c98bbabe93}">
		<relationship name="effects">
			<destination>{aee126c3-31dd-4ab4-a4b6-8e1542ccd110}</destination>
		</relationship>
	</object>
	<object class="MixerBusPanner" id="{ae30c0b2-9651-4401-adee-d54e0b4e3056}">
		<property name="overridingOutputFormat">
			<value>2</value>
		</property>
	</object>
	<object class="MixerBusFader" id="{aee126c3-31dd-4ab4-a4b6-8e1542ccd110}" />
</objects>
