<?xml version="1.0" encoding="UTF-8"?>
<objects serializationModel="Studio.02.02.00">
	<object class="Workspace" id="{d9e1a2d9-f148-4202-b2e5-945a52e6ff05}">
		<relationship name="masterEventFolder">
			<destination>{02373712-e22e-4a32-90c2-19e2c53151b2}</destination>
		</relationship>
		<relationship name="masterTagFolder">
			<destination>{56e33ba6-c85c-4f8c-9633-4d1ae8f5699a}</destination>
		</relationship>
		<relationship name="masterEffectPresetFolder">
			<destination>{64890c4c-81f6-40be-bb1a-e016d055a78d}</destination>
		</relationship>
		<relationship name="masterParameterPresetFolder">
			<destination>{fbf611b1-a942-46ce-bbeb-fe9dece244f8}</destination>
		</relationship>
		<relationship name="masterBankFolder">
			<destination>{3b67af31-7cf2-4b39-ae2c-ba92f00b4cac}</destination>
		</relationship>
		<relationship name="masterSandboxFolder">
			<destination>{af1c1401-12ec-47a4-a51a-4cbcbd28a565}</destination>
		</relationship>
		<relationship name="masterAssetFolder">
			<destination>{94a65e99-1e12-4048-bcdb-375f1ba8216d}</destination>
		</relationship>
		<relationship name="mixer">
			<destination>{fcb8b5d3-76c3-44cc-a831-0c26a2dc7893}</destination>
		</relationship>
		<relationship name="profilerSessionFolder">
			<destination>{cf15194d-804a-4320-a468-0194b8e6e762}</destination>
		</relationship>
		<relationship name="platforms">
			<destination>{2f244fac-b04f-4793-904f-3fd89a384326}</destination>
		</relationship>
	</object>
</objects>
