<?xml version="1.0" encoding="UTF-8"?>
<objects serializationModel="Studio.02.02.00">
	<object class="Event" id="{1ca41836-845e-4390-a4be-aa031e655e5c}">
		<property name="name">
			<value>Synth</value>
		</property>
		<property name="outputFormat">
			<value>1</value>
		</property>
		<relationship name="folder">
			<destination>{e798fcf9-b4da-4a82-9f35-172a2ec8e553}</destination>
		</relationship>
		<relationship name="mixer">
			<destination>{200e6606-d1ad-4049-8b33-b37e1055d5a8}</destination>
		</relationship>
		<relationship name="masterTrack">
			<destination>{31439873-a14b-4317-abbe-dbe6e1745ef4}</destination>
		</relationship>
		<relationship name="mixerInput">
			<destination>{1dbdbf3c-adea-447a-a2e5-55114b7cfdb2}</destination>
		</relationship>
		<relationship name="automatableProperties">
			<destination>{a887b458-da66-4883-82bb-7cd2024b0b3f}</destination>
		</relationship>
		<relationship name="markerTracks">
			<destination>{72b116c2-3e0f-4c8c-9c9d-e26fc0f42a56}</destination>
		</relationship>
		<relationship name="groupTracks">
			<destination>{ed7181bc-0dba-482f-a208-76783adf7861}</destination>
		</relationship>
		<relationship name="timeline">
			<destination>{31ac1b95-70ee-4444-9395-8a4e0bd7148d}</destination>
		</relationship>
	</object>
	<object class="EventMixer" id="{200e6606-d1ad-4049-8b33-b37e1055d5a8}">
		<relationship name="masterBus">
			<destination>{c8e5e9c7-44fb-445c-87e2-3261fd60557b}</destination>
		</relationship>
	</object>
	<object class="MasterTrack" id="{31439873-a14b-4317-abbe-dbe6e1745ef4}">
		<relationship name="mixerGroup">
			<destination>{c8e5e9c7-44fb-445c-87e2-3261fd60557b}</destination>
		</relationship>
	</object>
	<object class="MixerInput" id="{1dbdbf3c-adea-447a-a2e5-55114b7cfdb2}">
		<relationship name="effectChain">
			<destination>{ff401ecb-4bce-4f81-9e8f-e8229455860c}</destination>
		</relationship>
		<relationship name="panner">
			<destination>{ef21c640-a60a-4aec-9ae3-54b14d8b7a7b}</destination>
		</relationship>
	</object>
	<object class="EventAutomatableProperties" id="{a887b458-da66-4883-82bb-7cd2024b0b3f}" />
	<object class="MarkerTrack" id="{72b116c2-3e0f-4c8c-9c9d-e26fc0f42a56}" />
	<object class="GroupTrack" id="{ed7181bc-0dba-482f-a208-76783adf7861}">
		<relationship name="modules">
			<destination>{774b0108-31ce-4cb3-ba29-205d0af255d1}</destination>
		</relationship>
		<relationship name="mixerGroup">
			<destination>{db3eebb2-69aa-49df-993e-6a0a8acd1d37}</destination>
		</relationship>
	</object>
	<object class="Timeline" id="{31ac1b95-70ee-4444-9395-8a4e0bd7148d}">
		<relationship name="modules">
			<destination>{774b0108-31ce-4cb3-ba29-205d0af255d1}</destination>
		</relationship>
	</object>
	<object class="EventMixerMaster" id="{c8e5e9c7-44fb-445c-87e2-3261fd60557b}">
		<relationship name="effectChain">
			<destination>{b23b5d7c-6a0d-4fa6-b67d-d6817afccbf9}</destination>
		</relationship>
		<relationship name="panner">
			<destination>{0b063d9a-aa73-45da-9fda-f5c400972daa}</destination>
		</relationship>
		<relationship name="mixer">
			<destination>{200e6606-d1ad-4049-8b33-b37e1055d5a8}</destination>
		</relationship>
	</object>
	<object class="MixerBusEffectChain" id="{ff401ecb-4bce-4f81-9e8f-e8229455860c}">
		<relationship name="effects">
			<destination>{f22dee06-da83-469c-b8f2-b39e15be6f25}</destination>
		</relationship>
	</object>
	<object class="MixerBusPanner" id="{ef21c640-a60a-4aec-9ae3-54b14d8b7a7b}" />
	<object class="SingleSound" id="{774b0108-31ce-4cb3-ba29-205d0af255d1}">
		<property name="length">
			<value>120</value>
		</property>
		<property name="looping">
			<value>true</value>
		</property>
		<relationship name="audioFile">
			<destination>{cd6eb1e6-1dba-4fea-b776-3887309c04f9}</destination>
		</relationship>
	</object>
	<object class="EventMixerGroup" id="{db3eebb2-69aa-49df-993e-6a0a8acd1d37}">
		<property name="name">
			<value>Audio 1</value>
		</property>
		<relationship name="effectChain">
			<destination>{b9a53895-ca84-4d0e-9a8f-dd3c68bac631}</destination>
		</relationship>
		<relationship name="panner">
			<destination>{454de0c6-18e9-4892-a457-a1ae47f920be}</destination>
		</relationship>
		<relationship name="output">
			<destination>{c8e5e9c7-44fb-445c-87e2-3261fd60557b}</destination>
		</relationship>
	</object>
	<object class="MixerBusEffectChain" id="{b23b5d7c-6a0d-4fa6-b67d-d6817afccbf9}">
		<relationship name="effects">
			<destination>{54875788-7cbd-4cb4-96ab-0002fedf23e1}</destination>
		</relationship>
	</object>
	<object class="MixerBusPanner" id="{0b063d9a-aa73-45da-9fda-f5c400972daa}" />
	<object class="MixerBusFader" id="{f22dee06-da83-469c-b8f2-b39e15be6f25}" />
	<object class="MixerBusEffectChain" id="{b9a53895-ca84-4d0e-9a8f-dd3c68bac631}">
		<relationship name="effects">
			<destination>{5be06466-c0c4-4147-b076-e9f9d294b95e}</destination>
		</relationship>
	</object>
	<object class="MixerBusPanner" id="{454de0c6-18e9-4892-a457-a1ae47f920be}" />
	<object class="MixerBusFader" id="{54875788-7cbd-4cb4-96ab-0002fedf23e1}" />
	<object class="MixerBusFader" id="{5be06466-c0c4-4147-b076-e9f9d294b95e}" />
</objects>
