<?xml version="1.0" encoding="UTF-8"?>
<objects serializationModel="Studio.02.02.00">
	<object class="Event" id="{5e603abf-6fc6-43d1-8ea7-1b031c57e92d}">
		<property name="name">
			<value>Beat</value>
		</property>
		<property name="outputFormat">
			<value>1</value>
		</property>
		<relationship name="folder">
			<destination>{e798fcf9-b4da-4a82-9f35-172a2ec8e553}</destination>
		</relationship>
		<relationship name="mixer">
			<destination>{4053bf42-fa9a-49d1-bc7e-59862b17dc61}</destination>
		</relationship>
		<relationship name="masterTrack">
			<destination>{f490900e-497e-4346-aa62-afbd4697df26}</destination>
		</relationship>
		<relationship name="mixerInput">
			<destination>{b478ac16-2ba5-4a00-93da-c549df869e6b}</destination>
		</relationship>
		<relationship name="automatableProperties">
			<destination>{fcbe9fb1-5d22-43e8-ad69-67404073d285}</destination>
		</relationship>
		<relationship name="markerTracks">
			<destination>{50063612-6ee1-4b62-b74a-36cd5f83564b}</destination>
		</relationship>
		<relationship name="groupTracks">
			<destination>{50ac6626-d349-4da6-9c54-033613f08b31}</destination>
		</relationship>
		<relationship name="timeline">
			<destination>{786e9e3c-8290-454b-a488-06d966729d23}</destination>
		</relationship>
	</object>
	<object class="EventMixer" id="{4053bf42-fa9a-49d1-bc7e-59862b17dc61}">
		<relationship name="masterBus">
			<destination>{197b92a7-b1fa-49f7-b4f9-b6a774c35515}</destination>
		</relationship>
	</object>
	<object class="MasterTrack" id="{f490900e-497e-4346-aa62-afbd4697df26}">
		<relationship name="mixerGroup">
			<destination>{197b92a7-b1fa-49f7-b4f9-b6a774c35515}</destination>
		</relationship>
	</object>
	<object class="MixerInput" id="{b478ac16-2ba5-4a00-93da-c549df869e6b}">
		<relationship name="effectChain">
			<destination>{6ef9ae7f-55f2-455d-a12e-75968346ffd0}</destination>
		</relationship>
		<relationship name="panner">
			<destination>{9a8d7308-ffce-4aac-a7dd-0e7c700f05f7}</destination>
		</relationship>
	</object>
	<object class="EventAutomatableProperties" id="{fcbe9fb1-5d22-43e8-ad69-67404073d285}" />
	<object class="MarkerTrack" id="{50063612-6ee1-4b62-b74a-36cd5f83564b}" />
	<object class="GroupTrack" id="{50ac6626-d349-4da6-9c54-033613f08b31}">
		<relationship name="modules">
			<destination>{fa7a7e1d-001b-41fe-a31e-b49ea8ef52a4}</destination>
		</relationship>
		<relationship name="mixerGroup">
			<destination>{8f60f1b2-2939-4290-9198-940c87bfd776}</destination>
		</relationship>
	</object>
	<object class="Timeline" id="{786e9e3c-8290-454b-a488-06d966729d23}">
		<relationship name="modules">
			<destination>{fa7a7e1d-001b-41fe-a31e-b49ea8ef52a4}</destination>
		</relationship>
	</object>
	<object class="EventMixerMaster" id="{197b92a7-b1fa-49f7-b4f9-b6a774c35515}">
		<relationship name="effectChain">
			<destination>{c2b6fbdd-4a92-4029-8272-857b1fe2b417}</destination>
		</relationship>
		<relationship name="panner">
			<destination>{a3477676-c664-4015-b848-b4bd6c4fb0d8}</destination>
		</relationship>
		<relationship name="mixer">
			<destination>{4053bf42-fa9a-49d1-bc7e-59862b17dc61}</destination>
		</relationship>
	</object>
	<object class="MixerBusEffectChain" id="{6ef9ae7f-55f2-455d-a12e-75968346ffd0}">
		<relationship name="effects">
			<destination>{5e2d843e-e91f-4e2e-a06d-c6c066526a2a}</destination>
		</relationship>
	</object>
	<object class="MixerBusPanner" id="{9a8d7308-ffce-4aac-a7dd-0e7c700f05f7}" />
	<object class="SingleSound" id="{fa7a7e1d-001b-41fe-a31e-b49ea8ef52a4}">
		<property name="length">
			<value>120</value>
		</property>
		<property name="looping">
			<value>true</value>
		</property>
		<relationship name="audioFile">
			<destination>{84003517-4039-4167-aa2c-9001b665d6dc}</destination>
		</relationship>
	</object>
	<object class="EventMixerGroup" id="{8f60f1b2-2939-4290-9198-940c87bfd776}">
		<property name="name">
			<value>Audio 1</value>
		</property>
		<relationship name="effectChain">
			<destination>{9fb27957-a158-4413-a1bc-a35575ae11d6}</destination>
		</relationship>
		<relationship name="panner">
			<destination>{c1210ffb-a462-4e95-bb7d-5e6f0c86b6c1}</destination>
		</relationship>
		<relationship name="output">
			<destination>{197b92a7-b1fa-49f7-b4f9-b6a774c35515}</destination>
		</relationship>
	</object>
	<object class="MixerBusEffectChain" id="{c2b6fbdd-4a92-4029-8272-857b1fe2b417}">
		<relationship name="effects">
			<destination>{322d9867-9a94-429c-a95b-ef8c70b87c6b}</destination>
		</relationship>
	</object>
	<object class="MixerBusPanner" id="{a3477676-c664-4015-b848-b4bd6c4fb0d8}" />
	<object class="MixerBusFader" id="{5e2d843e-e91f-4e2e-a06d-c6c066526a2a}" />
	<object class="MixerBusEffectChain" id="{9fb27957-a158-4413-a1bc-a35575ae11d6}">
		<relationship name="effects">
			<destination>{49c0d6d8-c21a-43ed-9ff0-96bc1e04c8a9}</destination>
		</relationship>
	</object>
	<object class="MixerBusPanner" id="{c1210ffb-a462-4e95-bb7d-5e6f0c86b6c1}" />
	<object class="MixerBusFader" id="{322d9867-9a94-429c-a95b-ef8c70b87c6b}" />
	<object class="MixerBusFader" id="{49c0d6d8-c21a-43ed-9ff0-96bc1e04c8a9}" />
</objects>
