<?xml version="1.0" encoding="UTF-8"?>
<objects serializationModel="Studio.02.02.00">
	<object class="Event" id="{e798fcf9-b4da-4a82-9f35-172a2ec8e553}">
		<property name="name">
			<value>Level1BgMusic</value>
		</property>
		<property name="outputFormat">
			<value>1</value>
		</property>
		<relationship name="folder">
			<destination>{d0e1848c-0085-4bf2-9e00-9e096654691f}</destination>
		</relationship>
		<relationship name="mixer">
			<destination>{bfecf6b1-21ee-4cd7-a362-732b36d6853e}</destination>
		</relationship>
		<relationship name="masterTrack">
			<destination>{e73c912c-75c3-4f7d-9a87-2ade9db54a25}</destination>
		</relationship>
		<relationship name="mixerInput">
			<destination>{d8e7e3b4-5bdd-4ad7-9c13-ca3a6706de8f}</destination>
		</relationship>
		<relationship name="automatableProperties">
			<destination>{c2492661-1594-4296-8ce9-07bd6aead9cd}</destination>
		</relationship>
		<relationship name="markerTracks">
			<destination>{4aaf13ac-2eb1-49b3-b7d8-dfb0fa064937}</destination>
		</relationship>
		<relationship name="groupTracks">
			<destination>{3b87cefe-bd99-44bf-826b-1470415477f8}</destination>
			<destination>{983c233f-08e0-467c-a533-7da80efeb39d}</destination>
			<destination>{1d72fe06-0afa-4769-a5bf-4a240b3e64b4}</destination>
			<destination>{6c3acc29-d93f-4736-8d6f-643b20d6de80}</destination>
		</relationship>
		<relationship name="timeline">
			<destination>{b446fa91-2213-4f2e-9e5c-2c695970441b}</destination>
		</relationship>
		<relationship name="parameters">
			<destination>{e53553ad-73f6-4dd4-a127-2d7e93d573bb}</destination>
		</relationship>
		<relationship name="banks">
			<destination>{48b4826e-5c10-4e34-ba4e-f8d097a5e49a}</destination>
		</relationship>
	</object>
	<object class="EventMixer" id="{bfecf6b1-21ee-4cd7-a362-732b36d6853e}">
		<relationship name="masterBus">
			<destination>{bb7bc800-d292-47f6-8f69-07d5fb06d195}</destination>
		</relationship>
	</object>
	<object class="MasterTrack" id="{e73c912c-75c3-4f7d-9a87-2ade9db54a25}">
		<relationship name="mixerGroup">
			<destination>{bb7bc800-d292-47f6-8f69-07d5fb06d195}</destination>
		</relationship>
	</object>
	<object class="MixerInput" id="{d8e7e3b4-5bdd-4ad7-9c13-ca3a6706de8f}">
		<relationship name="effectChain">
			<destination>{323cb997-f5e2-4d56-93cb-fc1cb65e57c0}</destination>
		</relationship>
		<relationship name="panner">
			<destination>{d3bd6a43-8a7d-4250-a22d-342d1b9e4887}</destination>
		</relationship>
		<relationship name="output">
			<destination>{adb68754-169a-4f89-ab84-44df84ffd9c5}</destination>
		</relationship>
	</object>
	<object class="EventAutomatableProperties" id="{c2492661-1594-4296-8ce9-07bd6aead9cd}" />
	<object class="MarkerTrack" id="{4aaf13ac-2eb1-49b3-b7d8-dfb0fa064937}" />
	<object class="GroupTrack" id="{3b87cefe-bd99-44bf-826b-1470415477f8}">
		<relationship name="automationTracks">
			<destination>{6b937eb4-9e23-4062-bd07-621ffe8b4a6c}</destination>
			<destination>{2c4c8338-7e31-4977-9c40-8f63e15ffedb}</destination>
		</relationship>
		<relationship name="modules">
			<destination>{06b883eb-1a08-41a7-9c09-80c51d45a7d2}</destination>
		</relationship>
		<relationship name="mixerGroup">
			<destination>{4dd7a5cb-aea4-4fd9-9d78-c506fa6b39fd}</destination>
		</relationship>
	</object>
	<object class="GroupTrack" id="{983c233f-08e0-467c-a533-7da80efeb39d}">
		<relationship name="automationTracks">
			<destination>{a37451b9-bb61-4f49-ba81-3bd2e5c239c5}</destination>
			<destination>{f0af9f4e-9602-4edb-b8e5-5850538e9c2e}</destination>
			<destination>{d17b3665-534b-4bc5-946f-fad959ddd0df}</destination>
		</relationship>
		<relationship name="modules">
			<destination>{19dfa806-b201-457b-9885-124e362add31}</destination>
		</relationship>
		<relationship name="mixerGroup">
			<destination>{67c6d683-2d1d-4c58-8e33-3855993bd3e1}</destination>
		</relationship>
	</object>
	<object class="GroupTrack" id="{1d72fe06-0afa-4769-a5bf-4a240b3e64b4}">
		<relationship name="automationTracks">
			<destination>{24b3c69e-91b1-4ebb-ae94-e56596d5692e}</destination>
			<destination>{fc0156b7-67a4-445e-8fe0-926997c9d98d}</destination>
			<destination>{e4fb01ec-21b9-4efd-92e0-5436b5ca8cbf}</destination>
		</relationship>
		<relationship name="modules">
			<destination>{6bd0f888-f0d1-4d0f-8fa8-3d34d016a74b}</destination>
		</relationship>
		<relationship name="mixerGroup">
			<destination>{79ba66cb-1054-4789-9d8c-ae4e67e81849}</destination>
		</relationship>
	</object>
	<object class="GroupTrack" id="{6c3acc29-d93f-4736-8d6f-643b20d6de80}">
		<relationship name="automationTracks">
			<destination>{8a2ef58f-f34a-4a82-911a-0d51deebf181}</destination>
		</relationship>
		<relationship name="modules">
			<destination>{1815789f-659b-4573-b53a-90562af5d7f3}</destination>
		</relationship>
		<relationship name="mixerGroup">
			<destination>{42accab9-21e9-4dce-b643-54de8ee09c64}</destination>
		</relationship>
	</object>
	<object class="Timeline" id="{b446fa91-2213-4f2e-9e5c-2c695970441b}">
		<property name="isProxyEnabled">
			<value>false</value>
		</property>
	</object>
	<object class="ParameterProxy" id="{e53553ad-73f6-4dd4-a127-2d7e93d573bb}">
		<relationship name="modules">
			<destination>{06b883eb-1a08-41a7-9c09-80c51d45a7d2}</destination>
			<destination>{19dfa806-b201-457b-9885-124e362add31}</destination>
			<destination>{6bd0f888-f0d1-4d0f-8fa8-3d34d016a74b}</destination>
			<destination>{1815789f-659b-4573-b53a-90562af5d7f3}</destination>
		</relationship>
		<relationship name="preset">
			<destination>{8a3f3a49-ebaf-46b3-a757-3e726263cb57}</destination>
		</relationship>
	</object>
	<object class="EventMixerMaster" id="{bb7bc800-d292-47f6-8f69-07d5fb06d195}">
		<relationship name="effectChain">
			<destination>{63897cda-dd8c-4814-9e30-aeaa8937e2cf}</destination>
		</relationship>
		<relationship name="panner">
			<destination>{fdabc893-4379-4db1-b16f-71e616065826}</destination>
		</relationship>
		<relationship name="mixer">
			<destination>{bfecf6b1-21ee-4cd7-a362-732b36d6853e}</destination>
		</relationship>
	</object>
	<object class="MixerBusEffectChain" id="{323cb997-f5e2-4d56-93cb-fc1cb65e57c0}">
		<relationship name="effects">
			<destination>{35d8de10-fb12-4a5c-b954-52ef20f7167d}</destination>
		</relationship>
	</object>
	<object class="MixerBusPanner" id="{d3bd6a43-8a7d-4250-a22d-342d1b9e4887}" />
	<object class="AutomationTrack" id="{6b937eb4-9e23-4062-bd07-621ffe8b4a6c}">
		<relationship name="automator">
			<destination>{30b3eabc-3ea3-4a4e-b911-15e5a9dff008}</destination>
		</relationship>
	</object>
	<object class="AutomationTrack" id="{2c4c8338-7e31-4977-9c40-8f63e15ffedb}">
		<relationship name="automator">
			<destination>{e5737459-06f7-4cab-b550-f042b0e2968d}</destination>
		</relationship>
	</object>
	<object class="EventSound" id="{06b883eb-1a08-41a7-9c09-80c51d45a7d2}">
		<property name="length">
			<value>120</value>
		</property>
		<relationship name="automators">
			<destination>{30b3eabc-3ea3-4a4e-b911-15e5a9dff008}</destination>
		</relationship>
		<relationship name="modulators">
			<destination>{66b04de8-a04a-490e-ad84-341d220e8cb9}</destination>
		</relationship>
		<relationship name="event">
			<destination>{5e603abf-6fc6-43d1-8ea7-1b031c57e92d}</destination>
		</relationship>
	</object>
	<object class="EventMixerGroup" id="{4dd7a5cb-aea4-4fd9-9d78-c506fa6b39fd}">
		<property name="name">
			<value>Beat</value>
		</property>
		<relationship name="effectChain">
			<destination>{64f0f1b4-7349-4626-b5f3-7d27bfbeb927}</destination>
		</relationship>
		<relationship name="panner">
			<destination>{94c3addb-0517-46ad-8acb-9e9d83fbb5f8}</destination>
		</relationship>
		<relationship name="output">
			<destination>{bb7bc800-d292-47f6-8f69-07d5fb06d195}</destination>
		</relationship>
	</object>
	<object class="AutomationTrack" id="{a37451b9-bb61-4f49-ba81-3bd2e5c239c5}">
		<relationship name="automator">
			<destination>{58d7f9c9-cb7b-4b07-90a9-8fb3094a2436}</destination>
		</relationship>
	</object>
	<object class="AutomationTrack" id="{f0af9f4e-9602-4edb-b8e5-5850538e9c2e}">
		<relationship name="automator">
			<destination>{8741f2ca-2458-4ae5-b627-5f979a95eddb}</destination>
		</relationship>
	</object>
	<object class="AutomationTrack" id="{d17b3665-534b-4bc5-946f-fad959ddd0df}">
		<relationship name="automator">
			<destination>{3a5274fe-08e2-4c1c-a0a4-7e39daa01bfe}</destination>
		</relationship>
	</object>
	<object class="EventSound" id="{19dfa806-b201-457b-9885-124e362add31}">
		<property name="length">
			<value>120</value>
		</property>
		<relationship name="automators">
			<destination>{58d7f9c9-cb7b-4b07-90a9-8fb3094a2436}</destination>
		</relationship>
		<relationship name="modulators">
			<destination>{a2920e30-696d-44ff-a292-fb1924dbc667}</destination>
		</relationship>
		<relationship name="event">
			<destination>{1c3ab17c-ffeb-4f40-ae2b-50397a66a3be}</destination>
		</relationship>
	</object>
	<object class="EventMixerGroup" id="{67c6d683-2d1d-4c58-8e33-3855993bd3e1}">
		<property name="name">
			<value>Pad</value>
		</property>
		<relationship name="effectChain">
			<destination>{0e7ddd92-a046-4cd6-8029-162db1a91672}</destination>
		</relationship>
		<relationship name="panner">
			<destination>{e7d95a0e-f6ce-4c20-8f09-debac3f6d4a0}</destination>
		</relationship>
		<relationship name="output">
			<destination>{bb7bc800-d292-47f6-8f69-07d5fb06d195}</destination>
		</relationship>
	</object>
	<object class="AutomationTrack" id="{24b3c69e-91b1-4ebb-ae94-e56596d5692e}">
		<relationship name="automator">
			<destination>{9e9143a5-3964-4996-ae4a-dc27e62ef24e}</destination>
		</relationship>
	</object>
	<object class="AutomationTrack" id="{fc0156b7-67a4-445e-8fe0-926997c9d98d}">
		<relationship name="automator">
			<destination>{9a9f15eb-8093-4e55-91d7-2ac23258cd87}</destination>
		</relationship>
	</object>
	<object class="AutomationTrack" id="{e4fb01ec-21b9-4efd-92e0-5436b5ca8cbf}">
		<relationship name="automator">
			<destination>{015dc5df-7f73-460d-84b6-4fa766abde39}</destination>
		</relationship>
	</object>
	<object class="EventSound" id="{6bd0f888-f0d1-4d0f-8fa8-3d34d016a74b}">
		<property name="length">
			<value>120</value>
		</property>
		<relationship name="automators">
			<destination>{9e9143a5-3964-4996-ae4a-dc27e62ef24e}</destination>
		</relationship>
		<relationship name="modulators">
			<destination>{715b4a9b-63be-4e1b-84da-1042fbe04ba2}</destination>
		</relationship>
		<relationship name="event">
			<destination>{855814eb-4854-47be-b408-591dcaf9166f}</destination>
		</relationship>
	</object>
	<object class="EventMixerGroup" id="{79ba66cb-1054-4789-9d8c-ae4e67e81849}">
		<property name="name">
			<value>Piano</value>
		</property>
		<relationship name="effectChain">
			<destination>{04d2e178-7089-4acb-bb0e-0733cb27c9a6}</destination>
		</relationship>
		<relationship name="panner">
			<destination>{c9853a52-61e1-4476-8688-32b4702f5a9d}</destination>
		</relationship>
		<relationship name="output">
			<destination>{bb7bc800-d292-47f6-8f69-07d5fb06d195}</destination>
		</relationship>
	</object>
	<object class="AutomationTrack" id="{8a2ef58f-f34a-4a82-911a-0d51deebf181}">
		<relationship name="automator">
			<destination>{3f64a749-f922-42a4-ab46-dbcfdf06c2d9}</destination>
		</relationship>
	</object>
	<object class="EventSound" id="{1815789f-659b-4573-b53a-90562af5d7f3}">
		<property name="length">
			<value>120</value>
		</property>
		<relationship name="automators">
			<destination>{3f64a749-f922-42a4-ab46-dbcfdf06c2d9}</destination>
		</relationship>
		<relationship name="modulators">
			<destination>{f309d006-38fc-4fb5-944c-9d137f003208}</destination>
		</relationship>
		<relationship name="event">
			<destination>{1ca41836-845e-4390-a4be-aa031e655e5c}</destination>
		</relationship>
	</object>
	<object class="EventMixerGroup" id="{42accab9-21e9-4dce-b643-54de8ee09c64}">
		<property name="name">
			<value>Synth</value>
		</property>
		<relationship name="effectChain">
			<destination>{b0aeef9a-328e-440c-97b7-cc1e1b773e63}</destination>
		</relationship>
		<relationship name="panner">
			<destination>{f16d4420-6170-4382-92c8-a2caca2517c1}</destination>
		</relationship>
		<relationship name="output">
			<destination>{bb7bc800-d292-47f6-8f69-07d5fb06d195}</destination>
		</relationship>
	</object>
	<object class="MixerBusEffectChain" id="{63897cda-dd8c-4814-9e30-aeaa8937e2cf}">
		<relationship name="effects">
			<destination>{1e1d9fd7-b2f0-4a50-ae46-abb570ca5ca4}</destination>
		</relationship>
	</object>
	<object class="MixerBusPanner" id="{fdabc893-4379-4db1-b16f-71e616065826}" />
	<object class="MixerBusFader" id="{35d8de10-fb12-4a5c-b954-52ef20f7167d}" />
	<object class="Automator" id="{30b3eabc-3ea3-4a4e-b911-15e5a9dff008}">
		<property name="nameOfPropertyBeingAutomated">
			<value>volume</value>
		</property>
		<relationship name="automationCurves">
			<destination>{1812dee6-4daf-488c-9c11-0c7f075e0801}</destination>
		</relationship>
	</object>
	<object class="ADSRModulator" id="{66b04de8-a04a-490e-ad84-341d220e8cb9}">
		<property name="nameOfPropertyBeingModulated">
			<value>pitch</value>
		</property>
		<relationship name="automators">
			<destination>{e5737459-06f7-4cab-b550-f042b0e2968d}</destination>
		</relationship>
	</object>
	<object class="MixerBusEffectChain" id="{64f0f1b4-7349-4626-b5f3-7d27bfbeb927}">
		<relationship name="effects">
			<destination>{b7d4e914-5a76-4b14-866c-a263632f1bb3}</destination>
		</relationship>
	</object>
	<object class="MixerBusPanner" id="{94c3addb-0517-46ad-8acb-9e9d83fbb5f8}" />
	<object class="Automator" id="{58d7f9c9-cb7b-4b07-90a9-8fb3094a2436}">
		<property name="nameOfPropertyBeingAutomated">
			<value>volume</value>
		</property>
		<relationship name="automationCurves">
			<destination>{ff3dbc9c-3068-407f-92cf-e1522e30d591}</destination>
		</relationship>
	</object>
	<object class="ADSRModulator" id="{a2920e30-696d-44ff-a292-fb1924dbc667}">
		<property name="nameOfPropertyBeingModulated">
			<value>pitch</value>
		</property>
		<relationship name="automators">
			<destination>{8741f2ca-2458-4ae5-b627-5f979a95eddb}</destination>
			<destination>{3a5274fe-08e2-4c1c-a0a4-7e39daa01bfe}</destination>
		</relationship>
	</object>
	<object class="MixerBusEffectChain" id="{0e7ddd92-a046-4cd6-8029-162db1a91672}">
		<relationship name="effects">
			<destination>{9e30647e-0704-4467-9abc-3d51de1fa193}</destination>
		</relationship>
	</object>
	<object class="MixerBusPanner" id="{e7d95a0e-f6ce-4c20-8f09-debac3f6d4a0}" />
	<object class="Automator" id="{9e9143a5-3964-4996-ae4a-dc27e62ef24e}">
		<property name="nameOfPropertyBeingAutomated">
			<value>volume</value>
		</property>
		<relationship name="automationCurves">
			<destination>{f093600f-d9ee-4335-bcc6-10a6859743d8}</destination>
		</relationship>
	</object>
	<object class="ADSRModulator" id="{715b4a9b-63be-4e1b-84da-1042fbe04ba2}">
		<property name="nameOfPropertyBeingModulated">
			<value>pitch</value>
		</property>
		<relationship name="automators">
			<destination>{9a9f15eb-8093-4e55-91d7-2ac23258cd87}</destination>
			<destination>{015dc5df-7f73-460d-84b6-4fa766abde39}</destination>
		</relationship>
	</object>
	<object class="MixerBusEffectChain" id="{04d2e178-7089-4acb-bb0e-0733cb27c9a6}">
		<relationship name="effects">
			<destination>{43b7cd63-456e-4158-b19f-1a5655956140}</destination>
		</relationship>
	</object>
	<object class="MixerBusPanner" id="{c9853a52-61e1-4476-8688-32b4702f5a9d}" />
	<object class="Automator" id="{3f64a749-f922-42a4-ab46-dbcfdf06c2d9}">
		<property name="nameOfPropertyBeingAutomated">
			<value>volume</value>
		</property>
		<relationship name="automationCurves">
			<destination>{6ca20b36-e619-4c8b-b671-a802c9b4b08e}</destination>
		</relationship>
	</object>
	<object class="ADSRModulator" id="{f309d006-38fc-4fb5-944c-9d137f003208}">
		<property name="nameOfPropertyBeingModulated">
			<value>pitch</value>
		</property>
	</object>
	<object class="MixerBusEffectChain" id="{b0aeef9a-328e-440c-97b7-cc1e1b773e63}">
		<relationship name="effects">
			<destination>{cd0f709b-a74f-4956-b1e2-cfa4ec20c9b6}</destination>
		</relationship>
	</object>
	<object class="MixerBusPanner" id="{f16d4420-6170-4382-92c8-a2caca2517c1}" />
	<object class="MixerBusFader" id="{1e1d9fd7-b2f0-4a50-ae46-abb570ca5ca4}" />
	<object class="AutomationCurve" id="{1812dee6-4daf-488c-9c11-0c7f075e0801}">
		<relationship name="parameter">
			<destination>{8a3f3a49-ebaf-46b3-a757-3e726263cb57}</destination>
		</relationship>
		<relationship name="automationPoints">
			<destination>{49d0235f-04ad-4503-88e3-4fa7f445d309}</destination>
			<destination>{35d058f6-0625-45de-b5a3-c7ca6bd0a6db}</destination>
			<destination>{7e46c1bd-87c6-476b-babe-7f8e7b5fc91f}</destination>
		</relationship>
	</object>
	<object class="Automator" id="{e5737459-06f7-4cab-b550-f042b0e2968d}">
		<property name="nameOfPropertyBeingAutomated">
			<value>decayTime</value>
		</property>
		<relationship name="automationCurves">
			<destination>{5fc67f0e-f904-471f-89a0-0aeab630e48c}</destination>
		</relationship>
	</object>
	<object class="MixerBusFader" id="{b7d4e914-5a76-4b14-866c-a263632f1bb3}" />
	<object class="AutomationCurve" id="{ff3dbc9c-3068-407f-92cf-e1522e30d591}">
		<relationship name="parameter">
			<destination>{8a3f3a49-ebaf-46b3-a757-3e726263cb57}</destination>
		</relationship>
		<relationship name="automationPoints">
			<destination>{6d2b386d-816e-44d3-861b-12534c334f5e}</destination>
			<destination>{33913ebd-431d-4fe3-8d9e-26d8625ea3d1}</destination>
			<destination>{7127ba6c-5002-47c9-832f-8e9781bb0743}</destination>
			<destination>{b33e46ab-c43e-45bf-80a1-c9580efb83c6}</destination>
		</relationship>
	</object>
	<object class="Automator" id="{8741f2ca-2458-4ae5-b627-5f979a95eddb}">
		<property name="nameOfPropertyBeingAutomated">
			<value>attackTime</value>
		</property>
		<relationship name="automationCurves">
			<destination>{b9c15245-e282-438a-bb1f-909ecdd1197f}</destination>
		</relationship>
	</object>
	<object class="Automator" id="{3a5274fe-08e2-4c1c-a0a4-7e39daa01bfe}">
		<property name="nameOfPropertyBeingAutomated">
			<value>releaseTime</value>
		</property>
		<relationship name="automationCurves">
			<destination>{c3df171e-1b5f-4cbc-82eb-5599ca62e62f}</destination>
		</relationship>
	</object>
	<object class="MixerBusFader" id="{9e30647e-0704-4467-9abc-3d51de1fa193}" />
	<object class="AutomationCurve" id="{f093600f-d9ee-4335-bcc6-10a6859743d8}">
		<relationship name="parameter">
			<destination>{8a3f3a49-ebaf-46b3-a757-3e726263cb57}</destination>
		</relationship>
		<relationship name="automationPoints">
			<destination>{199b305a-a365-406a-a0e9-7de2bfe9bf9d}</destination>
			<destination>{828d2dfa-76f9-4e77-90de-e0d2bfa17dc6}</destination>
		</relationship>
	</object>
	<object class="Automator" id="{9a9f15eb-8093-4e55-91d7-2ac23258cd87}">
		<property name="nameOfPropertyBeingAutomated">
			<value>attackTime</value>
		</property>
		<relationship name="automationCurves">
			<destination>{72595275-caef-40fc-929d-c5c4de4697b1}</destination>
		</relationship>
	</object>
	<object class="Automator" id="{015dc5df-7f73-460d-84b6-4fa766abde39}">
		<property name="nameOfPropertyBeingAutomated">
			<value>releaseTime</value>
		</property>
		<relationship name="automationCurves">
			<destination>{133275fd-a21d-47c0-8c6a-f266ae448523}</destination>
		</relationship>
	</object>
	<object class="MixerBusFader" id="{43b7cd63-456e-4158-b19f-1a5655956140}" />
	<object class="AutomationCurve" id="{6ca20b36-e619-4c8b-b671-a802c9b4b08e}">
		<relationship name="parameter">
			<destination>{8a3f3a49-ebaf-46b3-a757-3e726263cb57}</destination>
		</relationship>
		<relationship name="automationPoints">
			<destination>{0117e6d7-9c25-4b39-90e3-995d7ee03454}</destination>
			<destination>{9450f5f9-dd12-4226-a4b8-f03dd7a1319d}</destination>
			<destination>{24c7958f-54e1-4f33-9435-6e4ac1e327a8}</destination>
			<destination>{6847dfaa-e224-43e5-a87d-c7c66494921d}</destination>
		</relationship>
	</object>
	<object class="MixerBusFader" id="{cd0f709b-a74f-4956-b1e2-cfa4ec20c9b6}" />
	<object class="AutomationPoint" id="{49d0235f-04ad-4503-88e3-4fa7f445d309}">
		<property name="position">
			<value>60</value>
		</property>
		<property name="value">
			<value>-36</value>
		</property>
	</object>
	<object class="AutomationPoint" id="{35d058f6-0625-45de-b5a3-c7ca6bd0a6db}">
		<property name="position">
			<value>60.00002083333333</value>
		</property>
		<property name="value">
			<value>-80</value>
		</property>
	</object>
	<object class="AutomationPoint" id="{7e46c1bd-87c6-476b-babe-7f8e7b5fc91f}">
		<property name="position">
			<value>0</value>
		</property>
		<property name="value">
			<value>10</value>
		</property>
	</object>
	<object class="AutomationCurve" id="{5fc67f0e-f904-471f-89a0-0aeab630e48c}">
		<relationship name="parameter">
			<destination>{8a3f3a49-ebaf-46b3-a757-3e726263cb57}</destination>
		</relationship>
		<relationship name="automationPoints">
			<destination>{57bc82ed-2961-47d0-81f6-4136d46393ed}</destination>
			<destination>{94f905bf-3cae-43b5-b8ed-b1e4b737506f}</destination>
		</relationship>
	</object>
	<object class="AutomationPoint" id="{6d2b386d-816e-44d3-861b-12534c334f5e}">
		<property name="position">
			<value>37.777777777777779</value>
		</property>
		<property name="value">
			<value>3.81469727e-06</value>
		</property>
	</object>
	<object class="AutomationPoint" id="{33913ebd-431d-4fe3-8d9e-26d8625ea3d1}">
		<property name="position">
			<value>0</value>
		</property>
		<property name="value">
			<value>-10</value>
		</property>
	</object>
	<object class="AutomationPoint" id="{7127ba6c-5002-47c9-832f-8e9781bb0743}">
		<property name="position">
			<value>82</value>
		</property>
		<property name="value">
			<value>0</value>
		</property>
	</object>
	<object class="AutomationPoint" id="{b33e46ab-c43e-45bf-80a1-c9580efb83c6}">
		<property name="position">
			<value>92.514619883040936</value>
		</property>
		<property name="value">
			<value>-80</value>
		</property>
	</object>
	<object class="AutomationCurve" id="{b9c15245-e282-438a-bb1f-909ecdd1197f}">
		<relationship name="parameter">
			<destination>{8a3f3a49-ebaf-46b3-a757-3e726263cb57}</destination>
		</relationship>
		<relationship name="automationPoints">
			<destination>{248748ef-0b87-4a84-9c33-a81ba6f607c9}</destination>
			<destination>{0e013468-e555-4530-b2eb-54a7811fbf13}</destination>
			<destination>{8d02cd40-8557-428e-8241-c6fd3c6c4ebe}</destination>
		</relationship>
	</object>
	<object class="AutomationCurve" id="{c3df171e-1b5f-4cbc-82eb-5599ca62e62f}">
		<relationship name="parameter">
			<destination>{8a3f3a49-ebaf-46b3-a757-3e726263cb57}</destination>
		</relationship>
		<relationship name="automationPoints">
			<destination>{276a70cc-a529-4aed-bfb9-a74ccd418928}</destination>
			<destination>{57a9782a-e1ce-43a0-8063-5066c71b66dc}</destination>
		</relationship>
	</object>
	<object class="AutomationPoint" id="{199b305a-a365-406a-a0e9-7de2bfe9bf9d}">
		<property name="position">
			<value>0</value>
		</property>
		<property name="value">
			<value>-10</value>
		</property>
	</object>
	<object class="AutomationPoint" id="{828d2dfa-76f9-4e77-90de-e0d2bfa17dc6}">
		<property name="position">
			<value>33.333333333333329</value>
		</property>
		<property name="value">
			<value>0</value>
		</property>
	</object>
	<object class="AutomationCurve" id="{72595275-caef-40fc-929d-c5c4de4697b1}">
		<relationship name="parameter">
			<destination>{8a3f3a49-ebaf-46b3-a757-3e726263cb57}</destination>
		</relationship>
		<relationship name="automationPoints">
			<destination>{243425a3-5b5c-4417-93a2-ec1649d2cd73}</destination>
			<destination>{2835d774-ac20-4072-8030-f87b1a1da96a}</destination>
			<destination>{8bd2645a-b18c-452f-9319-cbd02198c24d}</destination>
		</relationship>
	</object>
	<object class="AutomationCurve" id="{133275fd-a21d-47c0-8c6a-f266ae448523}">
		<relationship name="parameter">
			<destination>{8a3f3a49-ebaf-46b3-a757-3e726263cb57}</destination>
		</relationship>
		<relationship name="automationPoints">
			<destination>{edc4a5f0-70b2-45a3-9ac8-b55221496e19}</destination>
			<destination>{ece7fc34-a7db-45ea-a51f-ddb48691c7d1}</destination>
		</relationship>
	</object>
	<object class="AutomationPoint" id="{0117e6d7-9c25-4b39-90e3-995d7ee03454}">
		<property name="position">
			<value>44</value>
		</property>
		<property name="value">
			<value>0</value>
		</property>
	</object>
	<object class="AutomationPoint" id="{9450f5f9-dd12-4226-a4b8-f03dd7a1319d}">
		<property name="position">
			<value>16</value>
		</property>
		<property name="value">
			<value>0</value>
		</property>
	</object>
	<object class="AutomationPoint" id="{24c7958f-54e1-4f33-9435-6e4ac1e327a8}">
		<property name="position">
			<value>80</value>
		</property>
		<property name="value">
			<value>-80</value>
		</property>
	</object>
	<object class="AutomationPoint" id="{6847dfaa-e224-43e5-a87d-c7c66494921d}">
		<property name="position">
			<value>0.23391812865497075</value>
		</property>
		<property name="value">
			<value>-4</value>
		</property>
	</object>
	<object class="AutomationPoint" id="{57bc82ed-2961-47d0-81f6-4136d46393ed}">
		<property name="position">
			<value>60.23391812865497</value>
		</property>
		<property name="value">
			<value>1000</value>
		</property>
	</object>
	<object class="AutomationPoint" id="{94f905bf-3cae-43b5-b8ed-b1e4b737506f}">
		<property name="position">
			<value>0.23391812865497075</value>
		</property>
		<property name="value">
			<value>800</value>
		</property>
	</object>
	<object class="AutomationPoint" id="{248748ef-0b87-4a84-9c33-a81ba6f607c9}">
		<property name="position">
			<value>86</value>
		</property>
		<property name="value">
			<value>800</value>
		</property>
	</object>
	<object class="AutomationPoint" id="{0e013468-e555-4530-b2eb-54a7811fbf13}">
		<property name="position">
			<value>120</value>
		</property>
		<property name="value">
			<value>800</value>
		</property>
	</object>
	<object class="AutomationPoint" id="{8d02cd40-8557-428e-8241-c6fd3c6c4ebe}">
		<property name="position">
			<value>58</value>
		</property>
		<property name="value">
			<value>1000</value>
		</property>
	</object>
	<object class="AutomationPoint" id="{276a70cc-a529-4aed-bfb9-a74ccd418928}">
		<property name="position">
			<value>60.23391812865497</value>
		</property>
		<property name="value">
			<value>0</value>
		</property>
	</object>
	<object class="AutomationPoint" id="{57a9782a-e1ce-43a0-8063-5066c71b66dc}">
		<property name="position">
			<value>0</value>
		</property>
		<property name="value">
			<value>1000</value>
		</property>
	</object>
	<object class="AutomationPoint" id="{243425a3-5b5c-4417-93a2-ec1649d2cd73}">
		<property name="position">
			<value>58</value>
		</property>
		<property name="value">
			<value>1000</value>
		</property>
	</object>
	<object class="AutomationPoint" id="{2835d774-ac20-4072-8030-f87b1a1da96a}">
		<property name="position">
			<value>86</value>
		</property>
		<property name="value">
			<value>800</value>
		</property>
	</object>
	<object class="AutomationPoint" id="{8bd2645a-b18c-452f-9319-cbd02198c24d}">
		<property name="position">
			<value>119.53216374269005</value>
		</property>
		<property name="value">
			<value>800</value>
		</property>
	</object>
	<object class="AutomationPoint" id="{edc4a5f0-70b2-45a3-9ac8-b55221496e19}">
		<property name="position">
			<value>60.350877192982452</value>
		</property>
		<property name="value">
			<value>0</value>
		</property>
	</object>
	<object class="AutomationPoint" id="{ece7fc34-a7db-45ea-a51f-ddb48691c7d1}">
		<property name="position">
			<value>0</value>
		</property>
		<property name="value">
			<value>1000</value>
		</property>
	</object>
</objects>
