<?xml version="1.0" encoding="UTF-8"?>
<objects serializationModel="Studio.02.02.00">
	<object class="EncodingSetting" id="{44189e94-6eee-46b9-bbf8-d567aec5e6cd}">
		<property name="encodingFormat">
			<value>3</value>
		</property>
		<property name="quality">
			<value>37</value>
		</property>
		<relationship name="platform">
			<destination>{bf565011-b7c8-4610-a53c-7b914b402e39}</destination>
		</relationship>
		<relationship name="encodable">
			<destination>{bf565011-b7c8-4610-a53c-7b914b402e39}</destination>
		</relationship>
	</object>
</objects>
