<?xml version="1.0" encoding="UTF-8"?>
<objects serializationModel="Studio.02.02.00">
	<object class="EncodingSetting" id="{721a1927-d594-482b-afa8-51ea2316fab6}">
		<property name="encodingFormat">
			<value>3</value>
		</property>
		<property name="quality">
			<value>37</value>
		</property>
		<relationship name="platform">
			<destination>{913c9e05-75c6-4fa5-b667-dd2b4e74b85c}</destination>
		</relationship>
		<relationship name="encodable">
			<destination>{913c9e05-75c6-4fa5-b667-dd2b4e74b85c}</destination>
		</relationship>
	</object>
</objects>
