﻿{"cameraMode":{"drawMode":0,"name":"Shaded","section":"Shading Mode"},"sceneLighting":true,"audioPlay":false,"sceneViewState":{"m_AlwaysRefresh":false,"showFog":true,"showSkybox":true,"showFlares":true,"showImageEffects":true,"showParticleSystems":true,"showVisualEffectGraphs":true,"m_FxEnabled":true},"in2DMode":false,"pivot":{"x":-0.6204993724822998,"y":0.49000000953674319,"z":3.9225285053253176},"rotation":{"x":0.0015083670150488616,"y":0.9795394539833069,"z":-0.2011132836341858,"w":0.007346679922193289},"size":5.366025924682617,"orthographic":false}