<?xml version="1.0" encoding="UTF-8"?>
<objects serializationModel="Studio.02.02.00">
	<object class="Workspace" id="{9069840e-95dc-46cc-a92f-9c280b2085a0}">
		<relationship name="projectSettings">
			<destination>{a2805be2-a55a-4a61-b51a-055fb76c0513}</destination>
		</relationship>
		<relationship name="changelist">
			<destination>{5f17c5da-80b5-4456-a17e-769802d04d58}</destination>
		</relationship>
	</object>
	<object class="ProjectSettings" id="{a2805be2-a55a-4a61-b51a-055fb76c0513}">
		<relationship name="activePlatform">
			<destination>{ead3f525-d3ce-4635-9cd5-a9bc2b92f3fc}</destination>
		</relationship>
	</object>
	<object class="WorkspaceChangelist" id="{5f17c5da-80b5-4456-a17e-769802d04d58}" />
</objects>
