<?xml version="1.0" encoding="UTF-8"?>
<objects serializationModel="Studio.02.02.00">
	<object class="AudioFile" id="{a774e3a4-59b7-4d4f-ad48-305e54ca26c7}">
		<property name="assetPath">
			<value>pad.wav</value>
		</property>
		<property name="isStreaming">
			<value>true</value>
		</property>
		<property name="frequencyInKHz">
			<value>44.0999985</value>
		</property>
		<property name="channelCount">
			<value>2</value>
		</property>
		<property name="length">
			<value>53.333333333333336</value>
		</property>
		<relationship name="masterAssetFolder">
			<destination>{088b1713-e04a-47e9-855f-8a850aeedbb7}</destination>
		</relationship>
	</object>
</objects>
