<?xml version="1.0" encoding="UTF-8"?>
<objects serializationModel="Studio.02.02.00">
	<object class="MixerReturn" id="{d9bd0556-6f1f-445a-91ed-540c0112cb09}">
		<property name="overridingInputFormat">
			<value>2</value>
		</property>
		<property name="name">
			<value>Reverb</value>
		</property>
		<relationship name="effectChain">
			<destination>{0bd0c8ff-7bdd-4efc-9318-79a86f1a4026}</destination>
		</relationship>
		<relationship name="panner">
			<destination>{446a7b2c-8ba5-4015-88b3-6e7d45befa53}</destination>
		</relationship>
		<relationship name="output">
			<destination>{c2b0e320-8fc9-4488-93c6-4846d4b5077e}</destination>
		</relationship>
	</object>
	<object class="MixerBusEffectChain" id="{0bd0c8ff-7bdd-4efc-9318-79a86f1a4026}">
		<relationship name="effects">
			<destination>{c60f2175-5f68-4d98-a100-82dee2ae2062}</destination>
			<destination>{1ae141bb-f1b8-43ea-9b15-992e851982b0}</destination>
		</relationship>
	</object>
	<object class="MixerBusPanner" id="{446a7b2c-8ba5-4015-88b3-6e7d45befa53}" />
	<object class="SFXReverbEffect" id="{c60f2175-5f68-4d98-a100-82dee2ae2062}">
		<property name="wetLevel">
			<value>0</value>
		</property>
		<property name="dryLevel">
			<value>-80</value>
		</property>
	</object>
	<object class="MixerBusFader" id="{1ae141bb-f1b8-43ea-9b15-992e851982b0}" />
</objects>
