<?xml version="1.0" encoding="UTF-8"?>
<objects serializationModel="Studio.02.02.00">
	<object class="Event" id="{50be9004-ddd8-4bff-b769-32ff204ec657}">
		<property name="name">
			<value>Level1BGMusic</value>
		</property>
		<property name="outputFormat">
			<value>1</value>
		</property>
		<relationship name="folder">
			<destination>{858e0340-6514-40c9-a5a4-24d1dc22219a}</destination>
		</relationship>
		<relationship name="mixer">
			<destination>{acf1d15b-d3a6-456c-ac1e-700edb4ab054}</destination>
		</relationship>
		<relationship name="masterTrack">
			<destination>{37efb857-418b-4903-85f2-b5bac620a55b}</destination>
		</relationship>
		<relationship name="mixerInput">
			<destination>{dea34ca1-bd96-41a0-b753-23d9256f63bb}</destination>
		</relationship>
		<relationship name="automatableProperties">
			<destination>{6fd2df20-8d6f-485d-acf1-07448b803d66}</destination>
		</relationship>
		<relationship name="markerTracks">
			<destination>{b90d008b-1430-4004-9a91-3b683ff55377}</destination>
		</relationship>
		<relationship name="groupTracks">
			<destination>{fb9d0929-ea27-4cbd-b0d9-349430921ac8}</destination>
			<destination>{3dc9d533-b1e3-4882-ad9c-555725a3e232}</destination>
			<destination>{742d34e9-add8-483b-b597-e4a80311a401}</destination>
			<destination>{dadd8c2a-428c-40f6-bb10-305bab8f5561}</destination>
		</relationship>
		<relationship name="timeline">
			<destination>{b8b4e446-ebb3-49f2-8214-d0845130bf92}</destination>
		</relationship>
		<relationship name="parameters">
			<destination>{6e5f8081-c7fc-4f16-8bbd-df8eefb3a521}</destination>
		</relationship>
	</object>
	<object class="EventMixer" id="{acf1d15b-d3a6-456c-ac1e-700edb4ab054}">
		<relationship name="masterBus">
			<destination>{990680f8-98b1-4706-b298-af0cc1d5a379}</destination>
		</relationship>
	</object>
	<object class="MasterTrack" id="{37efb857-418b-4903-85f2-b5bac620a55b}">
		<relationship name="mixerGroup">
			<destination>{990680f8-98b1-4706-b298-af0cc1d5a379}</destination>
		</relationship>
	</object>
	<object class="MixerInput" id="{dea34ca1-bd96-41a0-b753-23d9256f63bb}">
		<relationship name="effectChain">
			<destination>{fe099b8a-014d-4a54-9421-14d3c07dce7b}</destination>
		</relationship>
		<relationship name="panner">
			<destination>{f0bf319b-739f-4d47-8b01-ef538091109e}</destination>
		</relationship>
		<relationship name="output">
			<destination>{c3a5fe18-aa84-4bc1-818d-128d99dcd5a3}</destination>
		</relationship>
	</object>
	<object class="EventAutomatableProperties" id="{6fd2df20-8d6f-485d-acf1-07448b803d66}" />
	<object class="MarkerTrack" id="{b90d008b-1430-4004-9a91-3b683ff55377}" />
	<object class="GroupTrack" id="{fb9d0929-ea27-4cbd-b0d9-349430921ac8}">
		<relationship name="automationTracks">
			<destination>{e6efaa0b-21a9-4deb-9f85-875c8994631b}</destination>
		</relationship>
		<relationship name="modules">
			<destination>{a7c8a7b8-f7c9-4344-b2db-d70a9c10615e}</destination>
			<destination>{960a4b98-ac56-42dc-b7c9-07e6008ba69f}</destination>
		</relationship>
		<relationship name="mixerGroup">
			<destination>{9d6af50d-1f00-4848-a95c-2ec12e1d7e64}</destination>
		</relationship>
	</object>
	<object class="GroupTrack" id="{3dc9d533-b1e3-4882-ad9c-555725a3e232}">
		<relationship name="automationTracks">
			<destination>{b6f0e15c-3e63-4551-8bb4-d2f60ef0e59e}</destination>
			<destination>{77be5e46-d1b4-4c53-ba0d-8444ce9ed73a}</destination>
			<destination>{518d87e8-18c5-475e-979e-568d886d5571}</destination>
		</relationship>
		<relationship name="modules">
			<destination>{3623d2d0-771c-4137-97aa-f69b79dbc582}</destination>
		</relationship>
		<relationship name="mixerGroup">
			<destination>{886bdbde-997a-431b-972f-b68b3c3f1aae}</destination>
		</relationship>
	</object>
	<object class="GroupTrack" id="{742d34e9-add8-483b-b597-e4a80311a401}">
		<relationship name="automationTracks">
			<destination>{5fb75e05-e21c-4e5d-aa20-3ee2269a3095}</destination>
		</relationship>
		<relationship name="modules">
			<destination>{6da8c0c0-65ea-464f-b33f-ce8526be5926}</destination>
		</relationship>
		<relationship name="mixerGroup">
			<destination>{34289e87-cec2-4c93-b368-878c0c722fc4}</destination>
		</relationship>
	</object>
	<object class="GroupTrack" id="{dadd8c2a-428c-40f6-bb10-305bab8f5561}">
		<relationship name="automationTracks">
			<destination>{8aa139f3-bed0-47eb-ba24-f47c682cd237}</destination>
		</relationship>
		<relationship name="modules">
			<destination>{0c7f2c5e-b7ae-4bbb-a006-12dd4f50c199}</destination>
		</relationship>
		<relationship name="mixerGroup">
			<destination>{f8bc38ab-f6b4-41f4-b6d6-ad20597e75eb}</destination>
		</relationship>
	</object>
	<object class="Timeline" id="{b8b4e446-ebb3-49f2-8214-d0845130bf92}">
		<property name="isProxyEnabled">
			<value>false</value>
		</property>
	</object>
	<object class="ParameterProxy" id="{6e5f8081-c7fc-4f16-8bbd-df8eefb3a521}">
		<relationship name="modules">
			<destination>{a7c8a7b8-f7c9-4344-b2db-d70a9c10615e}</destination>
			<destination>{3623d2d0-771c-4137-97aa-f69b79dbc582}</destination>
			<destination>{6da8c0c0-65ea-464f-b33f-ce8526be5926}</destination>
			<destination>{0c7f2c5e-b7ae-4bbb-a006-12dd4f50c199}</destination>
			<destination>{960a4b98-ac56-42dc-b7c9-07e6008ba69f}</destination>
		</relationship>
		<relationship name="preset">
			<destination>{c8b26663-b0a3-4acc-a619-d5a531930a6c}</destination>
		</relationship>
	</object>
	<object class="EventMixerMaster" id="{990680f8-98b1-4706-b298-af0cc1d5a379}">
		<relationship name="effectChain">
			<destination>{1a33696d-1c8a-4ac5-81de-5304a7f7e105}</destination>
		</relationship>
		<relationship name="panner">
			<destination>{a90d79bb-5eb9-4900-9d6c-2b3a3be72467}</destination>
		</relationship>
		<relationship name="mixer">
			<destination>{acf1d15b-d3a6-456c-ac1e-700edb4ab054}</destination>
		</relationship>
	</object>
	<object class="MixerBusEffectChain" id="{fe099b8a-014d-4a54-9421-14d3c07dce7b}">
		<relationship name="effects">
			<destination>{f7e8ac45-2665-40ab-a43b-d84f69fe05c2}</destination>
		</relationship>
	</object>
	<object class="MixerBusPanner" id="{f0bf319b-739f-4d47-8b01-ef538091109e}" />
	<object class="AutomationTrack" id="{e6efaa0b-21a9-4deb-9f85-875c8994631b}">
		<relationship name="automator">
			<destination>{75e37b22-5bdc-4145-ba29-1bf5473a2550}</destination>
		</relationship>
	</object>
	<object class="SingleSound" id="{a7c8a7b8-f7c9-4344-b2db-d70a9c10615e}">
		<property name="length">
			<value>120</value>
		</property>
		<property name="looping">
			<value>true</value>
		</property>
		<relationship name="audioFile">
			<destination>{48f78bd3-39d9-4747-828a-075873e3d824}</destination>
		</relationship>
	</object>
	<object class="SnapshotModule" id="{960a4b98-ac56-42dc-b7c9-07e6008ba69f}">
		<property name="length">
			<value>30</value>
		</property>
		<relationship name="fadeOutCurve">
			<destination>{b41fcc56-0c18-4109-929a-2935f3bf2dd1}</destination>
		</relationship>
		<relationship name="event">
			<destination>{7b67b380-87d3-4e96-915b-98fee0259ddc}</destination>
		</relationship>
	</object>
	<object class="EventMixerGroup" id="{9d6af50d-1f00-4848-a95c-2ec12e1d7e64}">
		<property name="name">
			<value>Beat</value>
		</property>
		<relationship name="automators">
			<destination>{75e37b22-5bdc-4145-ba29-1bf5473a2550}</destination>
		</relationship>
		<relationship name="effectChain">
			<destination>{d77bc093-27f0-4925-99d4-5b75ce865557}</destination>
		</relationship>
		<relationship name="panner">
			<destination>{463d248f-1977-4c46-ac1e-5abd21ecfe77}</destination>
		</relationship>
		<relationship name="output">
			<destination>{990680f8-98b1-4706-b298-af0cc1d5a379}</destination>
		</relationship>
	</object>
	<object class="AutomationTrack" id="{b6f0e15c-3e63-4551-8bb4-d2f60ef0e59e}">
		<relationship name="automator">
			<destination>{344b1a38-60c9-4dc4-a663-eb33ffd67da9}</destination>
		</relationship>
	</object>
	<object class="AutomationTrack" id="{77be5e46-d1b4-4c53-ba0d-8444ce9ed73a}">
		<relationship name="automator">
			<destination>{7bbc6403-f5cb-4808-b089-7fdf5a3ab34b}</destination>
		</relationship>
	</object>
	<object class="AutomationTrack" id="{518d87e8-18c5-475e-979e-568d886d5571}">
		<relationship name="automator">
			<destination>{300643e5-2f05-4276-8017-a3f30b355074}</destination>
		</relationship>
	</object>
	<object class="SingleSound" id="{3623d2d0-771c-4137-97aa-f69b79dbc582}">
		<property name="length">
			<value>120</value>
		</property>
		<property name="looping">
			<value>true</value>
		</property>
		<relationship name="audioFile">
			<destination>{f8875544-fd9d-443f-9cfb-f4d9c51e4359}</destination>
		</relationship>
	</object>
	<object class="EventMixerGroup" id="{886bdbde-997a-431b-972f-b68b3c3f1aae}">
		<property name="name">
			<value>Pad</value>
		</property>
		<relationship name="automators">
			<destination>{344b1a38-60c9-4dc4-a663-eb33ffd67da9}</destination>
		</relationship>
		<relationship name="effectChain">
			<destination>{2f7ad80d-e937-4ffd-bacd-4fa28efedd04}</destination>
		</relationship>
		<relationship name="panner">
			<destination>{417390dc-d401-42cf-b072-945aa1a8016f}</destination>
		</relationship>
		<relationship name="output">
			<destination>{990680f8-98b1-4706-b298-af0cc1d5a379}</destination>
		</relationship>
	</object>
	<object class="AutomationTrack" id="{5fb75e05-e21c-4e5d-aa20-3ee2269a3095}">
		<relationship name="automator">
			<destination>{ecf42e5c-bb64-4dd3-a0ad-1b7d0e100584}</destination>
		</relationship>
	</object>
	<object class="SingleSound" id="{6da8c0c0-65ea-464f-b33f-ce8526be5926}">
		<property name="length">
			<value>120</value>
		</property>
		<property name="looping">
			<value>true</value>
		</property>
		<relationship name="audioFile">
			<destination>{1e915a32-f832-4ac9-811c-a59da0dd8034}</destination>
		</relationship>
	</object>
	<object class="EventMixerGroup" id="{34289e87-cec2-4c93-b368-878c0c722fc4}">
		<property name="name">
			<value>Piano</value>
		</property>
		<relationship name="automators">
			<destination>{ecf42e5c-bb64-4dd3-a0ad-1b7d0e100584}</destination>
		</relationship>
		<relationship name="effectChain">
			<destination>{7ff40fbc-7a45-411a-8e43-4c4b5a29c9ae}</destination>
		</relationship>
		<relationship name="panner">
			<destination>{e7e2698c-1942-4463-a7fc-d770c88cc77e}</destination>
		</relationship>
		<relationship name="output">
			<destination>{990680f8-98b1-4706-b298-af0cc1d5a379}</destination>
		</relationship>
	</object>
	<object class="AutomationTrack" id="{8aa139f3-bed0-47eb-ba24-f47c682cd237}">
		<relationship name="automator">
			<destination>{e6a6a771-c3da-4dfd-8e96-285e186fe049}</destination>
		</relationship>
	</object>
	<object class="SingleSound" id="{0c7f2c5e-b7ae-4bbb-a006-12dd4f50c199}">
		<property name="length">
			<value>120</value>
		</property>
		<property name="looping">
			<value>true</value>
		</property>
		<relationship name="audioFile">
			<destination>{5892dd94-5c8e-45aa-a23c-ea1890e6e3b1}</destination>
		</relationship>
	</object>
	<object class="EventMixerGroup" id="{f8bc38ab-f6b4-41f4-b6d6-ad20597e75eb}">
		<property name="name">
			<value>Synth</value>
		</property>
		<relationship name="automators">
			<destination>{e6a6a771-c3da-4dfd-8e96-285e186fe049}</destination>
		</relationship>
		<relationship name="effectChain">
			<destination>{f8195c09-8adf-41b7-b145-ab5db58f6b22}</destination>
		</relationship>
		<relationship name="panner">
			<destination>{5a8d9c4c-fa40-48ef-a4cd-bd75163df50a}</destination>
		</relationship>
		<relationship name="output">
			<destination>{990680f8-98b1-4706-b298-af0cc1d5a379}</destination>
		</relationship>
	</object>
	<object class="MixerBusEffectChain" id="{1a33696d-1c8a-4ac5-81de-5304a7f7e105}">
		<relationship name="effects">
			<destination>{8a9c02a4-7190-464f-a58f-5fc3bffd038a}</destination>
		</relationship>
	</object>
	<object class="MixerBusPanner" id="{a90d79bb-5eb9-4900-9d6c-2b3a3be72467}" />
	<object class="MixerBusFader" id="{f7e8ac45-2665-40ab-a43b-d84f69fe05c2}" />
	<object class="FadeCurve" id="{b41fcc56-0c18-4109-929a-2935f3bf2dd1}">
		<relationship name="startPoint">
			<destination>{8e829f0e-b977-490c-a10d-1576dcf89027}</destination>
		</relationship>
		<relationship name="endPoint">
			<destination>{f165fb9c-0bc4-4c10-a857-74ccaa3d525e}</destination>
		</relationship>
	</object>
	<object class="Automator" id="{75e37b22-5bdc-4145-ba29-1bf5473a2550}">
		<property name="nameOfPropertyBeingAutomated">
			<value>volume</value>
		</property>
		<relationship name="automationCurves">
			<destination>{2f72f16c-c0aa-4be0-8885-8a985f7e01f7}</destination>
		</relationship>
	</object>
	<object class="MixerBusEffectChain" id="{d77bc093-27f0-4925-99d4-5b75ce865557}">
		<relationship name="effects">
			<destination>{2c17308b-fd4c-4f4f-905f-2b26b6d697d2}</destination>
		</relationship>
	</object>
	<object class="MixerBusPanner" id="{463d248f-1977-4c46-ac1e-5abd21ecfe77}" />
	<object class="Automator" id="{344b1a38-60c9-4dc4-a663-eb33ffd67da9}">
		<property name="nameOfPropertyBeingAutomated">
			<value>volume</value>
		</property>
		<relationship name="automationCurves">
			<destination>{6768c634-0e05-49cc-a64d-823ce46ec79d}</destination>
		</relationship>
	</object>
	<object class="MixerBusEffectChain" id="{2f7ad80d-e937-4ffd-bacd-4fa28efedd04}">
		<relationship name="effects">
			<destination>{d4a970d5-0b54-4c9c-98ae-945e2d8b2ee1}</destination>
			<destination>{bd87e5a5-ff8e-4a5a-b66c-05bbb5242473}</destination>
		</relationship>
	</object>
	<object class="MixerBusPanner" id="{417390dc-d401-42cf-b072-945aa1a8016f}" />
	<object class="Automator" id="{ecf42e5c-bb64-4dd3-a0ad-1b7d0e100584}">
		<property name="nameOfPropertyBeingAutomated">
			<value>volume</value>
		</property>
		<relationship name="automationCurves">
			<destination>{3211972f-1dde-4f19-bbd4-a2534d0337c7}</destination>
		</relationship>
	</object>
	<object class="MixerBusEffectChain" id="{7ff40fbc-7a45-411a-8e43-4c4b5a29c9ae}">
		<relationship name="effects">
			<destination>{3396ff50-096c-4cda-826d-4dc9739c285c}</destination>
		</relationship>
	</object>
	<object class="MixerBusPanner" id="{e7e2698c-1942-4463-a7fc-d770c88cc77e}" />
	<object class="Automator" id="{e6a6a771-c3da-4dfd-8e96-285e186fe049}">
		<property name="nameOfPropertyBeingAutomated">
			<value>volume</value>
		</property>
		<relationship name="automationCurves">
			<destination>{bcf04d9f-6683-4938-971b-ddc9cfbcaea8}</destination>
		</relationship>
	</object>
	<object class="MixerBusEffectChain" id="{f8195c09-8adf-41b7-b145-ab5db58f6b22}">
		<relationship name="effects">
			<destination>{b8260ffc-b31f-4254-a24d-15a3d133d0db}</destination>
			<destination>{e29844c8-b9ad-477d-927c-3b38bde64149}</destination>
		</relationship>
	</object>
	<object class="MixerBusPanner" id="{5a8d9c4c-fa40-48ef-a4cd-bd75163df50a}" />
	<object class="MixerBusFader" id="{8a9c02a4-7190-464f-a58f-5fc3bffd038a}" />
	<object class="AutomationPoint" id="{8e829f0e-b977-490c-a10d-1576dcf89027}">
		<property name="position">
			<value>0</value>
		</property>
		<property name="value">
			<value>100</value>
		</property>
		<property name="curveShape">
			<value>-0.0392339453</value>
		</property>
	</object>
	<object class="AutomationPoint" id="{f165fb9c-0bc4-4c10-a857-74ccaa3d525e}">
		<property name="position">
			<value>30</value>
		</property>
		<property name="value">
			<value>0</value>
		</property>
	</object>
	<object class="AutomationCurve" id="{2f72f16c-c0aa-4be0-8885-8a985f7e01f7}">
		<relationship name="parameter">
			<destination>{c8b26663-b0a3-4acc-a619-d5a531930a6c}</destination>
		</relationship>
		<relationship name="automationPoints">
			<destination>{e38e6cd9-c4a9-4f45-8f64-96b7c91fda9d}</destination>
			<destination>{9b08707d-eb1f-4516-850a-38ddfeaed90a}</destination>
		</relationship>
	</object>
	<object class="MixerBusFader" id="{2c17308b-fd4c-4f4f-905f-2b26b6d697d2}" />
	<object class="AutomationCurve" id="{6768c634-0e05-49cc-a64d-823ce46ec79d}">
		<relationship name="parameter">
			<destination>{c8b26663-b0a3-4acc-a619-d5a531930a6c}</destination>
		</relationship>
		<relationship name="automationPoints">
			<destination>{ba4230e7-0d08-4e4f-83e1-87847b3b16a1}</destination>
			<destination>{0fa6cdaa-6c4e-49fe-816e-aeb8f356e778}</destination>
			<destination>{0ba62250-95b5-41fd-b944-0f1c9d430090}</destination>
		</relationship>
	</object>
	<object class="MixerBusFader" id="{d4a970d5-0b54-4c9c-98ae-945e2d8b2ee1}" />
	<object class="ChorusEffect" id="{bd87e5a5-ff8e-4a5a-b66c-05bbb5242473}">
		<property name="rate">
			<value>0.0350000001</value>
		</property>
		<property name="depth">
			<value>32.5</value>
		</property>
		<property name="mix">
			<value>10</value>
		</property>
		<relationship name="automators">
			<destination>{7bbc6403-f5cb-4808-b089-7fdf5a3ab34b}</destination>
			<destination>{300643e5-2f05-4276-8017-a3f30b355074}</destination>
		</relationship>
	</object>
	<object class="AutomationCurve" id="{3211972f-1dde-4f19-bbd4-a2534d0337c7}">
		<relationship name="parameter">
			<destination>{c8b26663-b0a3-4acc-a619-d5a531930a6c}</destination>
		</relationship>
		<relationship name="automationPoints">
			<destination>{2c145e6a-e64e-4209-8580-76fbffaf046a}</destination>
			<destination>{9c869c9d-0dcb-4694-a7d3-738a47967f69}</destination>
		</relationship>
	</object>
	<object class="MixerBusFader" id="{3396ff50-096c-4cda-826d-4dc9739c285c}" />
	<object class="AutomationCurve" id="{bcf04d9f-6683-4938-971b-ddc9cfbcaea8}">
		<relationship name="parameter">
			<destination>{c8b26663-b0a3-4acc-a619-d5a531930a6c}</destination>
		</relationship>
		<relationship name="automationPoints">
			<destination>{96109d8c-8e39-4619-b037-211270ff6a3b}</destination>
			<destination>{36a2020a-c42e-457d-8e6e-2458122a7ed3}</destination>
			<destination>{dd925db9-cf78-4701-a447-100e119bc5b6}</destination>
		</relationship>
	</object>
	<object class="MixerBusFader" id="{b8260ffc-b31f-4254-a24d-15a3d133d0db}" />
	<object class="DelayEffect" id="{e29844c8-b9ad-477d-927c-3b38bde64149}">
		<property name="delay">
			<value>800</value>
		</property>
		<property name="level">
			<value>-3</value>
		</property>
	</object>
	<object class="AutomationPoint" id="{e38e6cd9-c4a9-4f45-8f64-96b7c91fda9d}">
		<property name="position">
			<value>38</value>
		</property>
		<property name="value">
			<value>0</value>
		</property>
	</object>
	<object class="AutomationPoint" id="{9b08707d-eb1f-4516-850a-38ddfeaed90a}">
		<property name="position">
			<value>0</value>
		</property>
		<property name="value">
			<value>-7</value>
		</property>
	</object>
	<object class="AutomationPoint" id="{ba4230e7-0d08-4e4f-83e1-87847b3b16a1}">
		<property name="position">
			<value>32</value>
		</property>
		<property name="value">
			<value>-7</value>
		</property>
		<property name="curveShape">
			<value>0.212401837</value>
		</property>
	</object>
	<object class="AutomationPoint" id="{0fa6cdaa-6c4e-49fe-816e-aeb8f356e778}">
		<property name="position">
			<value>105.6910569105691</value>
		</property>
		<property name="value">
			<value>0</value>
		</property>
	</object>
	<object class="AutomationPoint" id="{0ba62250-95b5-41fd-b944-0f1c9d430090}">
		<property name="position">
			<value>1.6260162601626016</value>
		</property>
		<property name="value">
			<value>-14</value>
		</property>
	</object>
	<object class="Automator" id="{7bbc6403-f5cb-4808-b089-7fdf5a3ab34b}">
		<property name="nameOfPropertyBeingAutomated">
			<value>depth</value>
		</property>
		<relationship name="automationCurves">
			<destination>{7d40b196-d477-4910-bcd9-62aa3338fc74}</destination>
		</relationship>
	</object>
	<object class="Automator" id="{300643e5-2f05-4276-8017-a3f30b355074}">
		<property name="nameOfPropertyBeingAutomated">
			<value>mix</value>
		</property>
		<relationship name="automationCurves">
			<destination>{218cbf79-ddee-4747-a0a0-c4a993fbf5c5}</destination>
		</relationship>
	</object>
	<object class="AutomationPoint" id="{2c145e6a-e64e-4209-8580-76fbffaf046a}">
		<property name="position">
			<value>0</value>
		</property>
		<property name="value">
			<value>-80</value>
		</property>
		<property name="curveShape">
			<value>0.290671557</value>
		</property>
	</object>
	<object class="AutomationPoint" id="{9c869c9d-0dcb-4694-a7d3-738a47967f69}">
		<property name="position">
			<value>40</value>
		</property>
		<property name="value">
			<value>-3</value>
		</property>
	</object>
	<object class="AutomationPoint" id="{96109d8c-8e39-4619-b037-211270ff6a3b}">
		<property name="position">
			<value>56</value>
		</property>
		<property name="value">
			<value>-80</value>
		</property>
		<property name="curveShape">
			<value>-0.703350008</value>
		</property>
	</object>
	<object class="AutomationPoint" id="{36a2020a-c42e-457d-8e6e-2458122a7ed3}">
		<property name="position">
			<value>119.67479674796748</value>
		</property>
		<property name="value">
			<value>0</value>
		</property>
	</object>
	<object class="AutomationPoint" id="{dd925db9-cf78-4701-a447-100e119bc5b6}">
		<property name="position">
			<value>89.105690886146405</value>
		</property>
		<property name="value">
			<value>0</value>
		</property>
	</object>
	<object class="AutomationCurve" id="{7d40b196-d477-4910-bcd9-62aa3338fc74}">
		<relationship name="parameter">
			<destination>{c8b26663-b0a3-4acc-a619-d5a531930a6c}</destination>
		</relationship>
		<relationship name="automationPoints">
			<destination>{6e0fd492-0d42-464f-9cb4-659d0d5debc9}</destination>
			<destination>{32332460-38ae-445f-babe-9ecf8c676cef}</destination>
			<destination>{b74ef828-1480-4a08-b0c2-a725b41e73ea}</destination>
		</relationship>
	</object>
	<object class="AutomationCurve" id="{218cbf79-ddee-4747-a0a0-c4a993fbf5c5}">
		<relationship name="parameter">
			<destination>{c8b26663-b0a3-4acc-a619-d5a531930a6c}</destination>
		</relationship>
		<relationship name="automationPoints">
			<destination>{7cb4f7a2-02fb-4d76-b7ae-b4fe6b72eba6}</destination>
			<destination>{f83bc1d6-e406-408d-9404-120933fa6f03}</destination>
		</relationship>
	</object>
	<object class="AutomationPoint" id="{6e0fd492-0d42-464f-9cb4-659d0d5debc9}">
		<property name="position">
			<value>0</value>
		</property>
		<property name="value">
			<value>4</value>
		</property>
		<property name="curveShape">
			<value>0.506432176</value>
		</property>
	</object>
	<object class="AutomationPoint" id="{32332460-38ae-445f-babe-9ecf8c676cef}">
		<property name="position">
			<value>90</value>
		</property>
		<property name="value">
			<value>14</value>
		</property>
	</object>
	<object class="AutomationPoint" id="{b74ef828-1480-4a08-b0c2-a725b41e73ea}">
		<property name="position">
			<value>21.951218659172195</value>
		</property>
		<property name="value">
			<value>4.41454172</value>
		</property>
	</object>
	<object class="AutomationPoint" id="{7cb4f7a2-02fb-4d76-b7ae-b4fe6b72eba6}">
		<property name="position">
			<value>2.6016260162601625</value>
		</property>
		<property name="value">
			<value>16</value>
		</property>
		<property name="curveShape">
			<value>0.0849906802</value>
		</property>
	</object>
	<object class="AutomationPoint" id="{f83bc1d6-e406-408d-9404-120933fa6f03}">
		<property name="position">
			<value>110</value>
		</property>
		<property name="value">
			<value>42</value>
		</property>
	</object>
</objects>
