<?xml version="1.0" encoding="UTF-8"?>
<objects serializationModel="Studio.02.02.00">
	<object class="ParameterPreset" id="{3f5e2fbb-d76c-433b-9d78-15579b299573}">
		<property name="name">
			<value>Timer</value>
		</property>
		<relationship name="folder">
			<destination>{ce5c2a9b-6dac-47f1-bae4-df786182a7e1}</destination>
		</relationship>
		<relationship name="parameter">
			<destination>{c8b26663-b0a3-4acc-a619-d5a531930a6c}</destination>
		</relationship>
	</object>
	<object class="GameParameter" id="{c8b26663-b0a3-4acc-a619-d5a531930a6c}">
		<property name="maximum">
			<value>120</value>
		</property>
		<property name="initialValue">
			<value>0</value>
		</property>
		<property name="seekSpeed">
			<value>1</value>
		</property>
	</object>
</objects>
