<?xml version="1.0" encoding="UTF-8"?>
<objects serializationModel="Studio.02.02.00">
	<object class="Snapshot" id="{5b0de8a6-67a1-4e80-9a3c-46031cd2d7c8}">
		<property name="name">
			<value>EQ</value>
		</property>
		<relationship name="mixer">
			<destination>{60340862-0a56-483e-9f1e-bc88505eefc9}</destination>
		</relationship>
		<relationship name="automatableProperties">
			<destination>{14649b66-c0fa-47ab-aa04-f4ef0e0699be}</destination>
		</relationship>
		<relationship name="markerTracks">
			<destination>{52c2652f-1946-4576-8ec6-ec3ec028be29}</destination>
		</relationship>
		<relationship name="timeline">
			<destination>{55acd8ae-33cd-48ac-b4f9-281de18931db}</destination>
		</relationship>
		<relationship name="snapshotMasterTrack">
			<destination>{aeddfa53-2902-4e84-a252-ad1d1511b10a}</destination>
		</relationship>
	</object>
	<object class="EventAutomatableProperties" id="{14649b66-c0fa-47ab-aa04-f4ef0e0699be}" />
	<object class="MarkerTrack" id="{52c2652f-1946-4576-8ec6-ec3ec028be29}" />
	<object class="Timeline" id="{55acd8ae-33cd-48ac-b4f9-281de18931db}" />
	<object class="SnapshotMasterTrack" id="{aeddfa53-2902-4e84-a252-ad1d1511b10a}" />
</objects>
