<?xml version="1.0" encoding="UTF-8"?>
<objects serializationModel="Studio.02.02.00">
	<object class="Snapshot" id="{7b67b380-87d3-4e96-915b-98fee0259ddc}">
		<property name="name">
			<value>Beat EQ</value>
		</property>
		<relationship name="mixer">
			<destination>{60340862-0a56-483e-9f1e-bc88505eefc9}</destination>
		</relationship>
		<relationship name="automatableProperties">
			<destination>{79d718b8-4dc8-4fad-ba86-8027113266c5}</destination>
		</relationship>
		<relationship name="markerTracks">
			<destination>{634ef78c-d5ed-46d9-aa8e-910157ab937f}</destination>
		</relationship>
		<relationship name="timeline">
			<destination>{50324217-ef7a-45a6-b2a7-29e86e4c3d85}</destination>
		</relationship>
		<relationship name="snapshotMasterTrack">
			<destination>{f3f455c0-cea5-42e9-a23e-58acde0a5b50}</destination>
		</relationship>
		<relationship name="snapshotProperties">
			<destination>{753b147f-4b58-4026-85d2-b2ff077e4375}</destination>
			<destination>{33475a94-76a4-4bc2-a473-29002284fba0}</destination>
			<destination>{3eb93e52-0ad3-428c-9269-6267ca53ba54}</destination>
		</relationship>
		<relationship name="snapshotTracks">
			<destination>{30f4d4dd-b6c9-4ffb-94fe-30255e99ebea}</destination>
		</relationship>
	</object>
	<object class="EventAutomatableProperties" id="{79d718b8-4dc8-4fad-ba86-8027113266c5}" />
	<object class="MarkerTrack" id="{634ef78c-d5ed-46d9-aa8e-910157ab937f}" />
	<object class="Timeline" id="{50324217-ef7a-45a6-b2a7-29e86e4c3d85}" />
	<object class="SnapshotMasterTrack" id="{f3f455c0-cea5-42e9-a23e-58acde0a5b50}" />
	<object class="SnapshotProperty" id="{753b147f-4b58-4026-85d2-b2ff077e4375}">
		<property name="propertyName">
			<value>lowGain</value>
		</property>
		<property name="value">
			<value>5.5</value>
		</property>
		<relationship name="automatableObject">
			<destination>{9005e002-6729-4817-b298-9bc4c725bdc8}</destination>
		</relationship>
	</object>
	<object class="SnapshotProperty" id="{33475a94-76a4-4bc2-a473-29002284fba0}">
		<property name="propertyName">
			<value>midGain</value>
		</property>
		<property name="value">
			<value>-30</value>
		</property>
		<relationship name="automatableObject">
			<destination>{9005e002-6729-4817-b298-9bc4c725bdc8}</destination>
		</relationship>
	</object>
	<object class="SnapshotProperty" id="{3eb93e52-0ad3-428c-9269-6267ca53ba54}">
		<property name="propertyName">
			<value>highGain</value>
		</property>
		<property name="value">
			<value>3.5</value>
		</property>
		<relationship name="automatableObject">
			<destination>{9005e002-6729-4817-b298-9bc4c725bdc8}</destination>
		</relationship>
	</object>
	<object class="SnapshotTrack" id="{30f4d4dd-b6c9-4ffb-94fe-30255e99ebea}">
		<relationship name="mixerStrip">
			<destination>{c3a5fe18-aa84-4bc1-818d-128d99dcd5a3}</destination>
		</relationship>
	</object>
</objects>
