<?xml version="1.0" encoding="UTF-8"?>
<objects serializationModel="Studio.02.02.00">
	<object class="EffectPreset" id="{b2e7c080-494d-47a2-ab22-5c16926efa92}">
		<property name="name">
			<value>Effect Chain</value>
		</property>
		<relationship name="folder">
			<destination>{36a0d7af-cab2-457e-b3ec-90b426cdb2e7}</destination>
		</relationship>
		<relationship name="effect">
			<destination>{53faa725-0538-4ac5-bbc7-e2b56d0d2581}</destination>
		</relationship>
	</object>
	<object class="EffectChain" id="{53faa725-0538-4ac5-bbc7-e2b56d0d2581}">
		<relationship name="effects">
			<destination>{ebf328cf-0496-41bc-9758-4612391bf72b}</destination>
		</relationship>
	</object>
	<object class="ChorusEffect" id="{ebf328cf-0496-41bc-9758-4612391bf72b}">
		<property name="rate">
			<value>2.4000001</value>
		</property>
	</object>
</objects>
