<?xml version="1.0" encoding="UTF-8"?>
<objects serializationModel="Studio.02.02.00">
	<object class="MixerReturn" id="{ffb6ca11-b30d-4aee-988f-1bcf5f5505b8}">
		<property name="overridingInputFormat">
			<value>2</value>
		</property>
		<property name="name">
			<value>Reverb</value>
		</property>
		<relationship name="effectChain">
			<destination>{cf28628f-3ad0-4d37-824e-1f88c1e549a8}</destination>
		</relationship>
		<relationship name="panner">
			<destination>{702b7145-e044-49eb-89b7-72f59a9252fc}</destination>
		</relationship>
		<relationship name="output">
			<destination>{adb68754-169a-4f89-ab84-44df84ffd9c5}</destination>
		</relationship>
	</object>
	<object class="MixerBusEffectChain" id="{cf28628f-3ad0-4d37-824e-1f88c1e549a8}">
		<relationship name="effects">
			<destination>{35b643b2-0216-47d1-9ec7-a4c87ae9771c}</destination>
			<destination>{6f6cc1a1-4a49-4787-bec5-01d6b3dfb18e}</destination>
		</relationship>
	</object>
	<object class="MixerBusPanner" id="{702b7145-e044-49eb-89b7-72f59a9252fc}" />
	<object class="SFXReverbEffect" id="{35b643b2-0216-47d1-9ec7-a4c87ae9771c}">
		<property name="wetLevel">
			<value>0</value>
		</property>
		<property name="dryLevel">
			<value>-80</value>
		</property>
	</object>
	<object class="MixerBusFader" id="{6f6cc1a1-4a49-4787-bec5-01d6b3dfb18e}" />
</objects>
