<?xml version="1.0" encoding="UTF-8"?>
<objects serializationModel="Studio.02.02.00">
	<object class="AudioFile" id="{baabd911-7e8f-4c30-bdc6-24d8399d30c4}">
		<property name="assetPath">
			<value>vertical-reorchestration-files/synth.wav</value>
		</property>
		<property name="isStreaming">
			<value>true</value>
		</property>
		<property name="frequencyInKHz">
			<value>44.0999985</value>
		</property>
		<property name="channelCount">
			<value>2</value>
		</property>
		<property name="length">
			<value>53.333333333333336</value>
		</property>
		<relationship name="masterAssetFolder">
			<destination>{66b89df4-7f57-4336-83ba-6bbd60aceabb}</destination>
		</relationship>
	</object>
</objects>
