<?xml version="1.0" encoding="UTF-8"?>
<objects serializationModel="Studio.02.02.00">
	<object class="MixerReturn" id="{e29e698a-aafe-4b7a-aa4f-4e39365ef5d8}">
		<property name="overridingInputFormat">
			<value>2</value>
		</property>
		<property name="name">
			<value>Reverb</value>
		</property>
		<relationship name="effectChain">
			<destination>{7b2dde7a-0c64-4e31-a99d-5f6a75483e3b}</destination>
		</relationship>
		<relationship name="panner">
			<destination>{a22b9651-9bca-4856-a735-9c59dba1ed7a}</destination>
		</relationship>
		<relationship name="output">
			<destination>{f389c6a8-4e61-4860-98b3-6867ffee5b11}</destination>
		</relationship>
	</object>
	<object class="MixerBusEffectChain" id="{7b2dde7a-0c64-4e31-a99d-5f6a75483e3b}">
		<relationship name="effects">
			<destination>{ffd1ed1e-a3cb-4f33-86e5-ed9fc1851f7e}</destination>
			<destination>{fa2c14d4-0038-4bea-99c4-961f66479d61}</destination>
		</relationship>
	</object>
	<object class="MixerBusPanner" id="{a22b9651-9bca-4856-a735-9c59dba1ed7a}" />
	<object class="SFXReverbEffect" id="{ffd1ed1e-a3cb-4f33-86e5-ed9fc1851f7e}">
		<property name="wetLevel">
			<value>0</value>
		</property>
		<property name="dryLevel">
			<value>-80</value>
		</property>
	</object>
	<object class="MixerBusFader" id="{fa2c14d4-0038-4bea-99c4-961f66479d61}" />
</objects>
