<?xml version="1.0" encoding="UTF-8"?>
<objects serializationModel="Studio.02.02.00">
	<object class="ParameterPreset" id="{80467bd8-932c-4a99-8c63-3ea1f985ec34}">
		<property name="name">
			<value>Timer</value>
		</property>
		<relationship name="folder">
			<destination>{bb9551e2-d9c1-4064-85e0-1c1ff21bee97}</destination>
		</relationship>
		<relationship name="parameter">
			<destination>{d60d03bc-0bdf-4bdd-877b-89133d4a2d21}</destination>
		</relationship>
	</object>
	<object class="GameParameter" id="{d60d03bc-0bdf-4bdd-877b-89133d4a2d21}">
		<property name="maximum">
			<value>120</value>
		</property>
		<property name="initialValue">
			<value>120</value>
		</property>
		<property name="seekSpeed">
			<value>1</value>
		</property>
	</object>
</objects>
