<?xml version="1.0" encoding="UTF-8"?>
<objects serializationModel="Studio.02.02.00">
	<object class="Event" id="{1e362339-2f27-44a1-acfd-f68a3cc1582d}">
		<property name="name">
			<value>Level1BgMusic</value>
		</property>
		<property name="outputFormat">
			<value>1</value>
		</property>
		<relationship name="folder">
			<destination>{d41522f5-3570-4c83-bf97-b78b2890d34f}</destination>
		</relationship>
		<relationship name="mixer">
			<destination>{195dc2c3-b9ea-40d6-b129-8f8ac93c9f71}</destination>
		</relationship>
		<relationship name="masterTrack">
			<destination>{caad631d-b791-4094-97dc-c57fa0b768c4}</destination>
		</relationship>
		<relationship name="mixerInput">
			<destination>{a62ff39d-21c9-4053-a3e7-1576e2c89836}</destination>
		</relationship>
		<relationship name="automatableProperties">
			<destination>{076975c7-b4fb-4f73-a0a4-b73d32540d43}</destination>
		</relationship>
		<relationship name="markerTracks">
			<destination>{3c6725d5-6d1c-45ca-854e-327d87f6f534}</destination>
		</relationship>
		<relationship name="groupTracks">
			<destination>{6a8afef0-72ae-4295-8e46-f23bb1817624}</destination>
			<destination>{fc26fbfe-b480-4557-bde8-26f9bc4944fd}</destination>
			<destination>{343d8d88-87bb-4246-9b90-3cd1026e3f85}</destination>
			<destination>{15893e2f-aa62-4b9c-8bb8-1663379e599a}</destination>
		</relationship>
		<relationship name="timeline">
			<destination>{27180e34-7c8e-4a46-8637-7dc085e8fbea}</destination>
		</relationship>
		<relationship name="parameters">
			<destination>{759f932b-838b-4487-9186-302a8b6b4166}</destination>
		</relationship>
	</object>
	<object class="EventMixer" id="{195dc2c3-b9ea-40d6-b129-8f8ac93c9f71}">
		<relationship name="masterBus">
			<destination>{3d4f5a6c-8e94-4788-bd34-7528c8a636c9}</destination>
		</relationship>
	</object>
	<object class="MasterTrack" id="{caad631d-b791-4094-97dc-c57fa0b768c4}">
		<relationship name="mixerGroup">
			<destination>{3d4f5a6c-8e94-4788-bd34-7528c8a636c9}</destination>
		</relationship>
	</object>
	<object class="MixerInput" id="{a62ff39d-21c9-4053-a3e7-1576e2c89836}">
		<relationship name="effectChain">
			<destination>{73c3e36a-437e-4fac-8bb4-d29480b976ce}</destination>
		</relationship>
		<relationship name="panner">
			<destination>{5eed2294-f7da-487a-a1b5-4307e781ed70}</destination>
		</relationship>
		<relationship name="output">
			<destination>{52aa60be-fe0e-46e9-a141-d3b53927a2b1}</destination>
		</relationship>
	</object>
	<object class="EventAutomatableProperties" id="{076975c7-b4fb-4f73-a0a4-b73d32540d43}">
		<property name="dopplerEnabled">
			<value>true</value>
		</property>
	</object>
	<object class="MarkerTrack" id="{3c6725d5-6d1c-45ca-854e-327d87f6f534}" />
	<object class="GroupTrack" id="{6a8afef0-72ae-4295-8e46-f23bb1817624}">
		<relationship name="automationTracks">
			<destination>{82babc77-ee0b-4ce7-8105-7153006f550c}</destination>
		</relationship>
		<relationship name="modules">
			<destination>{56aa3ab1-5b91-4789-b19f-7f4e7973da61}</destination>
		</relationship>
		<relationship name="mixerGroup">
			<destination>{1bb958c4-1d7a-4fa4-bda9-00b821e76b41}</destination>
		</relationship>
	</object>
	<object class="GroupTrack" id="{fc26fbfe-b480-4557-bde8-26f9bc4944fd}">
		<relationship name="automationTracks">
			<destination>{402c4b00-404d-4490-bd46-3177f35109e6}</destination>
			<destination>{e3f6842f-6a61-47a9-b6b9-a5535a4f7ae9}</destination>
		</relationship>
		<relationship name="modules">
			<destination>{ff3e1109-35cc-4163-a4f4-f56a7df0c363}</destination>
			<destination>{c9d657b3-f37d-4e1d-b09a-6ef514a4e54f}</destination>
		</relationship>
		<relationship name="mixerGroup">
			<destination>{da59670d-4e4b-4686-af2f-2248348e619a}</destination>
		</relationship>
	</object>
	<object class="GroupTrack" id="{343d8d88-87bb-4246-9b90-3cd1026e3f85}">
		<relationship name="automationTracks">
			<destination>{654169bb-2f5c-4bc6-8929-3d7bb7a3a8a4}</destination>
		</relationship>
		<relationship name="modules">
			<destination>{3387b58e-002a-4991-827d-5538c59b8861}</destination>
			<destination>{4e3c137b-c075-405d-808b-d02d66f0602d}</destination>
		</relationship>
		<relationship name="mixerGroup">
			<destination>{c5f2c803-357f-4442-a401-60733a26c35b}</destination>
		</relationship>
	</object>
	<object class="GroupTrack" id="{15893e2f-aa62-4b9c-8bb8-1663379e599a}">
		<relationship name="automationTracks">
			<destination>{83ece002-bc58-4330-a88f-7f6a2194e10f}</destination>
		</relationship>
		<relationship name="modules">
			<destination>{9252dc5b-0475-4fe8-a4ae-8bc83fc15885}</destination>
		</relationship>
		<relationship name="mixerGroup">
			<destination>{899338fb-55a2-4b1c-b4c3-ebe13505f828}</destination>
		</relationship>
	</object>
	<object class="Timeline" id="{27180e34-7c8e-4a46-8637-7dc085e8fbea}">
		<relationship name="modules">
			<destination>{56aa3ab1-5b91-4789-b19f-7f4e7973da61}</destination>
			<destination>{3387b58e-002a-4991-827d-5538c59b8861}</destination>
			<destination>{9252dc5b-0475-4fe8-a4ae-8bc83fc15885}</destination>
			<destination>{ff3e1109-35cc-4163-a4f4-f56a7df0c363}</destination>
			<destination>{4e3c137b-c075-405d-808b-d02d66f0602d}</destination>
			<destination>{c9d657b3-f37d-4e1d-b09a-6ef514a4e54f}</destination>
		</relationship>
	</object>
	<object class="ParameterProxy" id="{759f932b-838b-4487-9186-302a8b6b4166}">
		<relationship name="preset">
			<destination>{1793ed23-2b35-42bf-8e03-3d14a16f3725}</destination>
		</relationship>
	</object>
	<object class="EventMixerMaster" id="{3d4f5a6c-8e94-4788-bd34-7528c8a636c9}">
		<relationship name="effectChain">
			<destination>{0f7622b1-4a8a-4996-ae3e-a067a80b70ac}</destination>
		</relationship>
		<relationship name="panner">
			<destination>{43f3f81c-edb3-4a8d-838d-854cb0772b63}</destination>
		</relationship>
		<relationship name="mixer">
			<destination>{195dc2c3-b9ea-40d6-b129-8f8ac93c9f71}</destination>
		</relationship>
	</object>
	<object class="MixerBusEffectChain" id="{73c3e36a-437e-4fac-8bb4-d29480b976ce}">
		<relationship name="effects">
			<destination>{13e2646c-b15d-47d9-8928-942779dfadb8}</destination>
		</relationship>
	</object>
	<object class="MixerBusPanner" id="{5eed2294-f7da-487a-a1b5-4307e781ed70}" />
	<object class="AutomationTrack" id="{82babc77-ee0b-4ce7-8105-7153006f550c}">
		<relationship name="automator">
			<destination>{907b9873-8e31-48d6-a031-7ace1f45cd1a}</destination>
		</relationship>
	</object>
	<object class="SingleSound" id="{56aa3ab1-5b91-4789-b19f-7f4e7973da61}">
		<property name="length">
			<value>53.333333333333336</value>
		</property>
		<relationship name="audioFile">
			<destination>{a774e3a4-59b7-4d4f-ad48-305e54ca26c7}</destination>
		</relationship>
	</object>
	<object class="EventMixerGroup" id="{1bb958c4-1d7a-4fa4-bda9-00b821e76b41}">
		<property name="volume">
			<value>-14</value>
		</property>
		<property name="name">
			<value>Pad</value>
		</property>
		<relationship name="automators">
			<destination>{907b9873-8e31-48d6-a031-7ace1f45cd1a}</destination>
		</relationship>
		<relationship name="effectChain">
			<destination>{3b147d10-edfe-4900-acaf-6d5d0c36c2e1}</destination>
		</relationship>
		<relationship name="panner">
			<destination>{98c8c7df-db5e-4d4f-99fe-bf74f8a3c60d}</destination>
		</relationship>
		<relationship name="output">
			<destination>{3d4f5a6c-8e94-4788-bd34-7528c8a636c9}</destination>
		</relationship>
	</object>
	<object class="AutomationTrack" id="{402c4b00-404d-4490-bd46-3177f35109e6}">
		<relationship name="automator">
			<destination>{22d83b1e-8f9e-409b-b332-b85534df1184}</destination>
		</relationship>
	</object>
	<object class="AutomationTrack" id="{e3f6842f-6a61-47a9-b6b9-a5535a4f7ae9}">
		<relationship name="automator">
			<destination>{d1369275-317b-42cf-861c-bf7dd7c87a36}</destination>
		</relationship>
	</object>
	<object class="SingleSound" id="{ff3e1109-35cc-4163-a4f4-f56a7df0c363}">
		<property name="start">
			<value>67</value>
		</property>
		<property name="length">
			<value>52.999999999999993</value>
		</property>
		<relationship name="automators">
			<destination>{d1369275-317b-42cf-861c-bf7dd7c87a36}</destination>
		</relationship>
		<relationship name="audioFile">
			<destination>{f41ed871-11cc-4b31-ab22-bd9e4ec9d2b4}</destination>
		</relationship>
	</object>
	<object class="SingleSound" id="{c9d657b3-f37d-4e1d-b09a-6ef514a4e54f}">
		<property name="start">
			<value>5</value>
		</property>
		<property name="length">
			<value>52.999999999999993</value>
		</property>
		<relationship name="automators">
			<destination>{ae432ce7-fff1-4855-b597-940333f106f6}</destination>
		</relationship>
		<relationship name="audioFile">
			<destination>{f41ed871-11cc-4b31-ab22-bd9e4ec9d2b4}</destination>
		</relationship>
	</object>
	<object class="EventMixerGroup" id="{da59670d-4e4b-4686-af2f-2248348e619a}">
		<property name="name">
			<value>Beat</value>
		</property>
		<relationship name="automators">
			<destination>{22d83b1e-8f9e-409b-b332-b85534df1184}</destination>
		</relationship>
		<relationship name="effectChain">
			<destination>{36196f46-96a3-487c-bf7c-7053a2e01799}</destination>
		</relationship>
		<relationship name="panner">
			<destination>{73c586a6-e76d-4720-afd5-84617ebf4701}</destination>
		</relationship>
		<relationship name="output">
			<destination>{3d4f5a6c-8e94-4788-bd34-7528c8a636c9}</destination>
		</relationship>
	</object>
	<object class="AutomationTrack" id="{654169bb-2f5c-4bc6-8929-3d7bb7a3a8a4}">
		<relationship name="automator">
			<destination>{5868d58b-d7ec-48f1-a9e6-45f516a82096}</destination>
		</relationship>
	</object>
	<object class="SingleSound" id="{3387b58e-002a-4991-827d-5538c59b8861}">
		<property name="start">
			<value>85</value>
		</property>
		<property name="length">
			<value>24.633825944170781</value>
		</property>
		<property name="timelockedOffset">
			<value>28.699507389162562</value>
		</property>
		<relationship name="audioFile">
			<destination>{4481567f-5cec-4698-a599-91770ef9739b}</destination>
		</relationship>
	</object>
	<object class="SingleSound" id="{4e3c137b-c075-405d-808b-d02d66f0602d}">
		<property name="start">
			<value>57.999999999999993</value>
		</property>
		<property name="length">
			<value>10</value>
		</property>
		<property name="timelockedOffset">
			<value>20</value>
		</property>
		<relationship name="fadeOutCurve">
			<destination>{2afcd990-5d51-411b-81ca-31b6f0396729}</destination>
		</relationship>
		<relationship name="audioFile">
			<destination>{4481567f-5cec-4698-a599-91770ef9739b}</destination>
		</relationship>
	</object>
	<object class="EventMixerGroup" id="{c5f2c803-357f-4442-a401-60733a26c35b}">
		<property name="name">
			<value>Synth</value>
		</property>
		<relationship name="automators">
			<destination>{5868d58b-d7ec-48f1-a9e6-45f516a82096}</destination>
		</relationship>
		<relationship name="effectChain">
			<destination>{224f199b-5353-4550-b8ca-cb5cbd5ac825}</destination>
		</relationship>
		<relationship name="panner">
			<destination>{16a54126-2fc6-4ad2-9206-d465ec7c5578}</destination>
		</relationship>
		<relationship name="output">
			<destination>{3d4f5a6c-8e94-4788-bd34-7528c8a636c9}</destination>
		</relationship>
	</object>
	<object class="AutomationTrack" id="{83ece002-bc58-4330-a88f-7f6a2194e10f}">
		<relationship name="automator">
			<destination>{487d1f6a-10a2-4511-b8c6-dbfe419d3e5a}</destination>
		</relationship>
	</object>
	<object class="SingleSound" id="{9252dc5b-0475-4fe8-a4ae-8bc83fc15885}">
		<property name="start">
			<value>50</value>
		</property>
		<property name="length">
			<value>53.333333333333336</value>
		</property>
		<relationship name="audioFile">
			<destination>{f0d57f85-8597-461e-a8c6-482ce0c48e11}</destination>
		</relationship>
	</object>
	<object class="EventMixerGroup" id="{899338fb-55a2-4b1c-b4c3-ebe13505f828}">
		<property name="name">
			<value>Piano</value>
		</property>
		<relationship name="automators">
			<destination>{487d1f6a-10a2-4511-b8c6-dbfe419d3e5a}</destination>
		</relationship>
		<relationship name="effectChain">
			<destination>{0f16d650-7d3f-49f9-8561-d81c31b903ba}</destination>
		</relationship>
		<relationship name="panner">
			<destination>{4c33d437-549c-411f-a61a-572475cf4694}</destination>
		</relationship>
		<relationship name="output">
			<destination>{3d4f5a6c-8e94-4788-bd34-7528c8a636c9}</destination>
		</relationship>
	</object>
	<object class="MixerBusEffectChain" id="{0f7622b1-4a8a-4996-ae3e-a067a80b70ac}">
		<relationship name="effects">
			<destination>{b4a150a3-c535-4f00-adcc-565385868b87}</destination>
		</relationship>
	</object>
	<object class="MixerBusPanner" id="{43f3f81c-edb3-4a8d-838d-854cb0772b63}" />
	<object class="MixerBusFader" id="{13e2646c-b15d-47d9-8928-942779dfadb8}" />
	<object class="Automator" id="{907b9873-8e31-48d6-a031-7ace1f45cd1a}">
		<property name="nameOfPropertyBeingAutomated">
			<value>volume</value>
		</property>
		<relationship name="automationCurves">
			<destination>{242a6c24-b4b2-4a8c-93f0-8d2af30768f2}</destination>
			<destination>{79c6d853-1c1d-4763-82f2-f32124a43678}</destination>
		</relationship>
	</object>
	<object class="MixerBusEffectChain" id="{3b147d10-edfe-4900-acaf-6d5d0c36c2e1}">
		<relationship name="effects">
			<destination>{a4efa1a0-7cdb-4ded-9f62-f4e683b091dd}</destination>
			<destination>{a8a5ea98-67b2-4774-b956-8e67d1869e47}</destination>
			<destination>{65acbf8c-7aa8-413e-aa96-3b056a7893b8}</destination>
			<destination>{44eadf40-8033-4046-ad85-692c5d0087bc}</destination>
		</relationship>
	</object>
	<object class="MixerBusPanner" id="{98c8c7df-db5e-4d4f-99fe-bf74f8a3c60d}" />
	<object class="Automator" id="{d1369275-317b-42cf-861c-bf7dd7c87a36}">
		<property name="nameOfPropertyBeingAutomated">
			<value>pitch</value>
		</property>
		<relationship name="automationCurves">
			<destination>{6b342ecf-66c5-4266-8274-85d78c830f83}</destination>
			<destination>{abddc0ad-7e21-4c3d-95f1-48401077f598}</destination>
		</relationship>
	</object>
	<object class="Automator" id="{ae432ce7-fff1-4855-b597-940333f106f6}">
		<property name="nameOfPropertyBeingAutomated">
			<value>pitch</value>
		</property>
	</object>
	<object class="Automator" id="{22d83b1e-8f9e-409b-b332-b85534df1184}">
		<property name="nameOfPropertyBeingAutomated">
			<value>volume</value>
		</property>
		<relationship name="automationCurves">
			<destination>{98be2b79-0575-4825-91ae-332c351b1458}</destination>
			<destination>{dbb01ea0-d17f-434a-9cb7-98a0eaec6b74}</destination>
		</relationship>
	</object>
	<object class="MixerBusEffectChain" id="{36196f46-96a3-487c-bf7c-7053a2e01799}">
		<relationship name="effects">
			<destination>{e0680d11-c461-40d3-a376-1f9fa4554c4f}</destination>
			<destination>{c1de2fe5-0c20-4b93-9c72-ea877a3407b4}</destination>
		</relationship>
	</object>
	<object class="MixerBusPanner" id="{73c586a6-e76d-4720-afd5-84617ebf4701}" />
	<object class="FadeCurve" id="{2afcd990-5d51-411b-81ca-31b6f0396729}">
		<relationship name="startPoint">
			<destination>{03151148-7091-4826-85d5-a77694f6f9f0}</destination>
		</relationship>
		<relationship name="endPoint">
			<destination>{52c93214-af48-433b-af67-5c770a46e9c3}</destination>
		</relationship>
	</object>
	<object class="Automator" id="{5868d58b-d7ec-48f1-a9e6-45f516a82096}">
		<property name="nameOfPropertyBeingAutomated">
			<value>volume</value>
		</property>
		<relationship name="automationCurves">
			<destination>{1a27ce80-db87-4db7-8bd8-c07894a21b53}</destination>
			<destination>{00bb47e1-2bc7-40cc-a3ea-a134d4b54eed}</destination>
		</relationship>
	</object>
	<object class="MixerBusEffectChain" id="{224f199b-5353-4550-b8ca-cb5cbd5ac825}">
		<relationship name="effects">
			<destination>{a3ca2f8c-f934-4276-9642-d85be0a05188}</destination>
		</relationship>
	</object>
	<object class="MixerBusPanner" id="{16a54126-2fc6-4ad2-9206-d465ec7c5578}" />
	<object class="Automator" id="{487d1f6a-10a2-4511-b8c6-dbfe419d3e5a}">
		<property name="nameOfPropertyBeingAutomated">
			<value>volume</value>
		</property>
		<relationship name="automationCurves">
			<destination>{6ee446a3-e3e8-4f17-8b03-7029e4634455}</destination>
		</relationship>
	</object>
	<object class="MixerBusEffectChain" id="{0f16d650-7d3f-49f9-8561-d81c31b903ba}">
		<relationship name="effects">
			<destination>{d6585c5b-b841-40f8-b67d-efd7963fc107}</destination>
			<destination>{5d57bd68-f837-4f0a-b02b-b6d31317f4bf}</destination>
		</relationship>
	</object>
	<object class="MixerBusPanner" id="{4c33d437-549c-411f-a61a-572475cf4694}" />
	<object class="MixerBusFader" id="{b4a150a3-c535-4f00-adcc-565385868b87}" />
	<object class="AutomationCurve" id="{242a6c24-b4b2-4a8c-93f0-8d2af30768f2}">
		<relationship name="parameter">
			<destination>{27180e34-7c8e-4a46-8637-7dc085e8fbea}</destination>
		</relationship>
		<relationship name="automationPoints">
			<destination>{a57b4ca0-137f-412e-9eb0-4e2c19d968cb}</destination>
			<destination>{b28992f4-d8d3-4783-9a51-319ff85f43b6}</destination>
			<destination>{b8eae4f5-04ea-4d2a-b3c0-ebe31f77b0cd}</destination>
			<destination>{045fceb1-558f-4b77-b5d2-a83f1f78cc11}</destination>
			<destination>{6666eb1b-bbc3-4852-ad7f-03a78e55cf3c}</destination>
			<destination>{5b0a0bb0-6106-4a2b-b634-5a7bceb0eca3}</destination>
			<destination>{ef851d2d-087d-4c78-8ca7-e15164bc2285}</destination>
			<destination>{93ee1b43-29f2-453b-b000-275b0196abdd}</destination>
			<destination>{55b67146-69c9-49cf-b50a-cc85ccc0000c}</destination>
			<destination>{26067da5-8b96-46a0-98c0-ca3c24860877}</destination>
			<destination>{c87a3401-5fb2-4086-a0eb-2e1c10762920}</destination>
			<destination>{c42bdd39-148a-49bb-b653-0287fa272ff5}</destination>
			<destination>{d08a985c-b833-4923-baa7-638ad141af78}</destination>
			<destination>{3a9fd30a-677b-492d-b905-ea6b0b00daf1}</destination>
		</relationship>
	</object>
	<object class="AutomationCurve" id="{79c6d853-1c1d-4763-82f2-f32124a43678}">
		<relationship name="parameter">
			<destination>{1793ed23-2b35-42bf-8e03-3d14a16f3725}</destination>
		</relationship>
		<relationship name="automationPoints">
			<destination>{012b4a4e-d510-4510-8e0c-f983a7bd4baa}</destination>
			<destination>{68b5df47-f055-417c-8cda-ae8b1e74cbac}</destination>
			<destination>{d7caef3a-51b8-4fe1-9e05-ae9bad045ba1}</destination>
			<destination>{85de9415-180f-4bbe-8a3a-218255b62ed7}</destination>
			<destination>{48d816c1-b62a-4129-8fe5-013092f8747b}</destination>
		</relationship>
	</object>
	<object class="MixerBusFader" id="{a4efa1a0-7cdb-4ded-9f62-f4e683b091dd}" />
	<object class="ThreeEQEffect" id="{a8a5ea98-67b2-4774-b956-8e67d1869e47}" />
	<object class="SFXReverbEffect" id="{65acbf8c-7aa8-413e-aa96-3b056a7893b8}" />
	<object class="GainEffect" id="{44eadf40-8033-4046-ad85-692c5d0087bc}" />
	<object class="AutomationCurve" id="{6b342ecf-66c5-4266-8274-85d78c830f83}">
		<relationship name="parameter">
			<destination>{27180e34-7c8e-4a46-8637-7dc085e8fbea}</destination>
		</relationship>
		<relationship name="automationPoints">
			<destination>{c9eece2c-75f7-4e63-a8b1-a243f33c2035}</destination>
		</relationship>
	</object>
	<object class="AutomationCurve" id="{abddc0ad-7e21-4c3d-95f1-48401077f598}">
		<relationship name="parameter">
			<destination>{1793ed23-2b35-42bf-8e03-3d14a16f3725}</destination>
		</relationship>
		<relationship name="automationPoints">
			<destination>{a1f193cc-59de-426e-9979-06127e9b2468}</destination>
		</relationship>
	</object>
	<object class="AutomationCurve" id="{98be2b79-0575-4825-91ae-332c351b1458}">
		<relationship name="parameter">
			<destination>{27180e34-7c8e-4a46-8637-7dc085e8fbea}</destination>
		</relationship>
		<relationship name="automationPoints">
			<destination>{5b5c8d54-017a-4346-b8e3-e898ce0688a1}</destination>
			<destination>{63cf510b-2c0a-4c0f-840e-97d662a449de}</destination>
			<destination>{fefb75ef-e0e8-49cd-b736-60dece15e1f6}</destination>
			<destination>{f01202db-d707-4f99-b318-7fd87224bf2a}</destination>
			<destination>{6499097f-4964-47d7-98e3-e38ed90362f0}</destination>
			<destination>{fcaab89e-b6c2-40d7-b299-f5f2a027ca27}</destination>
			<destination>{d316e307-7d22-4431-99be-36a3986ddf41}</destination>
			<destination>{ec594e9b-ad9a-41ea-b099-0caf5e0533db}</destination>
			<destination>{4a07a794-7147-48b0-8c89-a8b23ffd7a7f}</destination>
			<destination>{fa93d971-6757-4448-a25a-3affdedda120}</destination>
			<destination>{45421ab8-c19c-44b2-aa7c-a664fa0dadd8}</destination>
		</relationship>
	</object>
	<object class="AutomationCurve" id="{dbb01ea0-d17f-434a-9cb7-98a0eaec6b74}">
		<relationship name="parameter">
			<destination>{1793ed23-2b35-42bf-8e03-3d14a16f3725}</destination>
		</relationship>
		<relationship name="automationPoints">
			<destination>{4b1a79ca-c0e7-49b4-ac17-a36c0f79e584}</destination>
		</relationship>
	</object>
	<object class="MixerBusFader" id="{e0680d11-c461-40d3-a376-1f9fa4554c4f}" />
	<object class="ProxyEffect" id="{c1de2fe5-0c20-4b93-9c72-ea877a3407b4}">
		<property name="inputFormat">
			<value>1</value>
		</property>
		<relationship name="preset">
			<destination>{b2e7c080-494d-47a2-ab22-5c16926efa92}</destination>
		</relationship>
	</object>
	<object class="AutomationPoint" id="{03151148-7091-4826-85d5-a77694f6f9f0}">
		<property name="position">
			<value>66</value>
		</property>
		<property name="value">
			<value>1</value>
		</property>
		<property name="curveShape">
			<value>0.25471893</value>
		</property>
	</object>
	<object class="AutomationPoint" id="{52c93214-af48-433b-af67-5c770a46e9c3}">
		<property name="position">
			<value>68</value>
		</property>
		<property name="value">
			<value>0</value>
		</property>
	</object>
	<object class="AutomationCurve" id="{1a27ce80-db87-4db7-8bd8-c07894a21b53}">
		<relationship name="parameter">
			<destination>{27180e34-7c8e-4a46-8637-7dc085e8fbea}</destination>
		</relationship>
		<relationship name="automationPoints">
			<destination>{be4f49cf-4f14-4bda-8ff1-8fcbdf246136}</destination>
			<destination>{0b5fd919-2feb-476d-8fde-86ffacc8568d}</destination>
			<destination>{af779d92-34fb-443a-89a4-cb6fb2a05a3e}</destination>
			<destination>{355e3a41-b7da-453b-a85f-64799488270d}</destination>
			<destination>{f5c428ba-7f6a-439b-bebc-31d49b8ddf50}</destination>
			<destination>{050cf961-744d-4e5a-813b-f19b3d379d4d}</destination>
		</relationship>
	</object>
	<object class="AutomationCurve" id="{00bb47e1-2bc7-40cc-a3ea-a134d4b54eed}">
		<relationship name="parameter">
			<destination>{1793ed23-2b35-42bf-8e03-3d14a16f3725}</destination>
		</relationship>
		<relationship name="automationPoints">
			<destination>{7581c13c-5d1c-4817-b96d-4ff6b78d8eb4}</destination>
		</relationship>
	</object>
	<object class="MixerBusFader" id="{a3ca2f8c-f934-4276-9642-d85be0a05188}" />
	<object class="AutomationCurve" id="{6ee446a3-e3e8-4f17-8b03-7029e4634455}">
		<relationship name="parameter">
			<destination>{27180e34-7c8e-4a46-8637-7dc085e8fbea}</destination>
		</relationship>
		<relationship name="automationPoints">
			<destination>{ec22e9d3-f7e8-4024-84aa-00943292fe00}</destination>
			<destination>{a9f1cede-82a3-4fe3-b11a-45385c4acd97}</destination>
		</relationship>
	</object>
	<object class="MixerBusFader" id="{d6585c5b-b841-40f8-b67d-efd7963fc107}" />
	<object class="ThreeEQEffect" id="{5d57bd68-f837-4f0a-b02b-b6d31317f4bf}">
		<property name="lowGain">
			<value>-44</value>
		</property>
		<property name="highGain">
			<value>-57</value>
		</property>
		<relationship name="automators">
			<destination>{c87f03fb-8dbc-4254-9900-1ae5397b3314}</destination>
		</relationship>
	</object>
	<object class="AutomationPoint" id="{a57b4ca0-137f-412e-9eb0-4e2c19d968cb}">
		<property name="position">
			<value>45.050147492625371</value>
		</property>
		<property name="value">
			<value>-9</value>
		</property>
	</object>
	<object class="AutomationPoint" id="{b28992f4-d8d3-4783-9a51-319ff85f43b6}">
		<property name="position">
			<value>53.354572271386431</value>
		</property>
		<property name="value">
			<value>-80</value>
		</property>
	</object>
	<object class="AutomationPoint" id="{b8eae4f5-04ea-4d2a-b3c0-ebe31f77b0cd}">
		<property name="position">
			<value>0.05427728613569327</value>
		</property>
		<property name="value">
			<value>-80</value>
		</property>
		<property name="curveShape">
			<value>-0.332974821</value>
		</property>
	</object>
	<object class="AutomationPoint" id="{045fceb1-558f-4b77-b5d2-a83f1f78cc11}">
		<property name="position">
			<value>5</value>
		</property>
		<property name="value">
			<value>-16</value>
		</property>
	</object>
	<object class="AutomationPoint" id="{6666eb1b-bbc3-4852-ad7f-03a78e55cf3c}">
		<property name="position">
			<value>9</value>
		</property>
		<property name="value">
			<value>-9</value>
		</property>
	</object>
	<object class="AutomationPoint" id="{5b0a0bb0-6106-4a2b-b634-5a7bceb0eca3}">
		<property name="position">
			<value>7</value>
		</property>
		<property name="value">
			<value>-20</value>
		</property>
		<property name="curveShape">
			<value>0.2430491</value>
		</property>
	</object>
	<object class="AutomationPoint" id="{ef851d2d-087d-4c78-8ca7-e15164bc2285}">
		<property name="position">
			<value>18</value>
		</property>
		<property name="value">
			<value>-9</value>
		</property>
		<property name="curveShape">
			<value>-1</value>
		</property>
	</object>
	<object class="AutomationPoint" id="{93ee1b43-29f2-453b-b000-275b0196abdd}">
		<property name="position">
			<value>13</value>
		</property>
		<property name="value">
			<value>-16</value>
		</property>
		<property name="curveShape">
			<value>0.908610165</value>
		</property>
	</object>
	<object class="AutomationPoint" id="{55b67146-69c9-49cf-b50a-cc85ccc0000c}">
		<property name="position">
			<value>27</value>
		</property>
		<property name="value">
			<value>-9</value>
		</property>
	</object>
	<object class="AutomationPoint" id="{26067da5-8b96-46a0-98c0-ca3c24860877}">
		<property name="position">
			<value>22.742182890855457</value>
		</property>
		<property name="value">
			<value>-8</value>
		</property>
		<property name="curveShape">
			<value>1</value>
		</property>
	</object>
	<object class="AutomationPoint" id="{c87a3401-5fb2-4086-a0eb-2e1c10762920}">
		<property name="position">
			<value>36.040117994100292</value>
		</property>
		<property name="value">
			<value>-9</value>
		</property>
	</object>
	<object class="AutomationPoint" id="{c42bdd39-148a-49bb-b653-0287fa272ff5}">
		<property name="position">
			<value>32.023598820059</value>
		</property>
		<property name="value">
			<value>-8</value>
		</property>
		<property name="curveShape">
			<value>0.337576807</value>
		</property>
	</object>
	<object class="AutomationPoint" id="{d08a985c-b833-4923-baa7-638ad141af78}">
		<property name="position">
			<value>40.436578171091448</value>
		</property>
		<property name="value">
			<value>-21</value>
		</property>
		<property name="curveShape">
			<value>0.424693823</value>
		</property>
	</object>
	<object class="AutomationPoint" id="{3a9fd30a-677b-492d-b905-ea6b0b00daf1}">
		<property name="position">
			<value>29.906784660766963</value>
		</property>
		<property name="value">
			<value>-14</value>
		</property>
	</object>
	<object class="AutomationPoint" id="{012b4a4e-d510-4510-8e0c-f983a7bd4baa}">
		<property name="position">
			<value>0.35516969218626571</value>
		</property>
		<property name="value">
			<value>-8</value>
		</property>
	</object>
	<object class="AutomationPoint" id="{68b5df47-f055-417c-8cda-ae8b1e74cbac}">
		<property name="position">
			<value>1.5999999999999943</value>
		</property>
		<property name="value">
			<value>-32</value>
		</property>
	</object>
	<object class="AutomationPoint" id="{d7caef3a-51b8-4fe1-9e05-ae9bad045ba1}">
		<property name="position">
			<value>3.2000000000000028</value>
		</property>
		<property name="value">
			<value>0</value>
		</property>
		<property name="curveShape">
			<value>-0.0215964075</value>
		</property>
	</object>
	<object class="AutomationPoint" id="{85de9415-180f-4bbe-8a3a-218255b62ed7}">
		<property name="position">
			<value>5.9510655090765567</value>
		</property>
		<property name="value">
			<value>-32</value>
		</property>
	</object>
	<object class="AutomationPoint" id="{48d816c1-b62a-4129-8fe5-013092f8747b}">
		<property name="position">
			<value>80</value>
		</property>
		<property name="value">
			<value>-5</value>
		</property>
	</object>
	<object class="AutomationPoint" id="{c9eece2c-75f7-4e63-a8b1-a243f33c2035}">
		<property name="position">
			<value>30</value>
		</property>
		<property name="value">
			<value>-14</value>
		</property>
	</object>
	<object class="AutomationPoint" id="{a1f193cc-59de-426e-9979-06127e9b2468}">
		<property name="position">
			<value>1.2000000000000028</value>
		</property>
		<property name="value">
			<value>-16</value>
		</property>
	</object>
	<object class="AutomationPoint" id="{5b5c8d54-017a-4346-b8e3-e898ce0688a1}">
		<property name="position">
			<value>33</value>
		</property>
		<property name="value">
			<value>-52</value>
		</property>
		<property name="curveShape">
			<value>0.467354417</value>
		</property>
	</object>
	<object class="AutomationPoint" id="{63cf510b-2c0a-4c0f-840e-97d662a449de}">
		<property name="position">
			<value>80</value>
		</property>
		<property name="value">
			<value>-38</value>
		</property>
		<property name="curveShape">
			<value>1</value>
		</property>
	</object>
	<object class="AutomationPoint" id="{fefb75ef-e0e8-49cd-b736-60dece15e1f6}">
		<property name="position">
			<value>105</value>
		</property>
		<property name="value">
			<value>-13</value>
		</property>
		<property name="curveShape">
			<value>0.610971272</value>
		</property>
	</object>
	<object class="AutomationPoint" id="{f01202db-d707-4f99-b318-7fd87224bf2a}">
		<property name="position">
			<value>5</value>
		</property>
		<property name="value">
			<value>-80</value>
		</property>
		<property name="curveShape">
			<value>0.470571965</value>
		</property>
	</object>
	<object class="AutomationPoint" id="{6499097f-4964-47d7-98e3-e38ed90362f0}">
		<property name="position">
			<value>20</value>
		</property>
		<property name="value">
			<value>-54</value>
		</property>
	</object>
	<object class="AutomationPoint" id="{fcaab89e-b6c2-40d7-b299-f5f2a027ca27}">
		<property name="position">
			<value>57.805309734513273</value>
		</property>
		<property name="value">
			<value>-80</value>
		</property>
	</object>
	<object class="AutomationPoint" id="{d316e307-7d22-4431-99be-36a3986ddf41}">
		<property name="position">
			<value>113</value>
		</property>
		<property name="value">
			<value>-10</value>
		</property>
	</object>
	<object class="AutomationPoint" id="{ec594e9b-ad9a-41ea-b099-0caf5e0533db}">
		<property name="position">
			<value>120</value>
		</property>
		<property name="value">
			<value>-80</value>
		</property>
	</object>
	<object class="AutomationPoint" id="{4a07a794-7147-48b0-8c89-a8b23ffd7a7f}">
		<property name="position">
			<value>99.327433376667955</value>
		</property>
		<property name="value">
			<value>-21</value>
		</property>
	</object>
	<object class="AutomationPoint" id="{fa93d971-6757-4448-a25a-3affdedda120}">
		<property name="position">
			<value>85.881773247125707</value>
		</property>
		<property name="value">
			<value>-80</value>
		</property>
		<property name="curveShape">
			<value>-0.260787696</value>
		</property>
	</object>
	<object class="AutomationPoint" id="{45421ab8-c19c-44b2-aa7c-a664fa0dadd8}">
		<property name="position">
			<value>92.2807881773399</value>
		</property>
		<property name="value">
			<value>-70</value>
		</property>
		<property name="curveShape">
			<value>0.152457029</value>
		</property>
	</object>
	<object class="AutomationPoint" id="{4b1a79ca-c0e7-49b4-ac17-a36c0f79e584}">
		<property name="position">
			<value>0.59999999999999432</value>
		</property>
		<property name="value">
			<value>10</value>
		</property>
	</object>
	<object class="AutomationPoint" id="{be4f49cf-4f14-4bda-8ff1-8fcbdf246136}">
		<property name="position">
			<value>42.310344827586206</value>
		</property>
		<property name="value">
			<value>-58</value>
		</property>
	</object>
	<object class="AutomationPoint" id="{0b5fd919-2feb-476d-8fde-86ffacc8568d}">
		<property name="position">
			<value>80</value>
		</property>
		<property name="value">
			<value>8</value>
		</property>
		<property name="curveShape">
			<value>-0.312161028</value>
		</property>
	</object>
	<object class="AutomationPoint" id="{af779d92-34fb-443a-89a4-cb6fb2a05a3e}">
		<property name="position">
			<value>100</value>
		</property>
		<property name="value">
			<value>-80</value>
		</property>
	</object>
	<object class="AutomationPoint" id="{355e3a41-b7da-453b-a85f-64799488270d}">
		<property name="position">
			<value>65</value>
		</property>
		<property name="value">
			<value>10</value>
		</property>
		<property name="curveShape">
			<value>-1</value>
		</property>
	</object>
	<object class="AutomationPoint" id="{f5c428ba-7f6a-439b-bebc-31d49b8ddf50}">
		<property name="position">
			<value>99.999979166666662</value>
		</property>
		<property name="value">
			<value>10</value>
		</property>
	</object>
	<object class="AutomationPoint" id="{050cf961-744d-4e5a-813b-f19b3d379d4d}">
		<property name="position">
			<value>82.709359560943497</value>
		</property>
		<property name="value">
			<value>-80</value>
		</property>
		<property name="curveShape">
			<value>-1</value>
		</property>
	</object>
	<object class="AutomationPoint" id="{7581c13c-5d1c-4817-b96d-4ff6b78d8eb4}">
		<property name="position">
			<value>13.201970443349754</value>
		</property>
		<property name="value">
			<value>-34</value>
		</property>
	</object>
	<object class="AutomationPoint" id="{ec22e9d3-f7e8-4024-84aa-00943292fe00}">
		<property name="position">
			<value>85</value>
		</property>
		<property name="value">
			<value>-8</value>
		</property>
	</object>
	<object class="AutomationPoint" id="{a9f1cede-82a3-4fe3-b11a-45385c4acd97}">
		<property name="position">
			<value>100</value>
		</property>
		<property name="value">
			<value>-80</value>
		</property>
	</object>
	<object class="Automator" id="{c87f03fb-8dbc-4254-9900-1ae5397b3314}">
		<property name="nameOfPropertyBeingAutomated">
			<value>midGain</value>
		</property>
		<relationship name="automationCurves">
			<destination>{a6210b95-18a3-4681-9fc1-d5910a41a7a3}</destination>
			<destination>{e270db15-4a8a-4442-946a-c1116bdf5ffd}</destination>
		</relationship>
	</object>
	<object class="AutomationCurve" id="{a6210b95-18a3-4681-9fc1-d5910a41a7a3}">
		<relationship name="parameter">
			<destination>{1793ed23-2b35-42bf-8e03-3d14a16f3725}</destination>
		</relationship>
		<relationship name="automationPoints">
			<destination>{8e2438f1-1349-4097-8c0b-421d4179eba5}</destination>
			<destination>{f611ae14-0612-4306-8b88-2ce55f688290}</destination>
			<destination>{2b9b3ebd-7177-448f-b25e-058b2516d482}</destination>
			<destination>{39d1ef04-4ae7-4616-915e-05f5586ec85a}</destination>
			<destination>{2bd0e809-7d51-4587-a718-c59329c7035a}</destination>
		</relationship>
	</object>
	<object class="AutomationCurve" id="{e270db15-4a8a-4442-946a-c1116bdf5ffd}">
		<relationship name="parameter">
			<destination>{27180e34-7c8e-4a46-8637-7dc085e8fbea}</destination>
		</relationship>
		<relationship name="automationPoints">
			<destination>{12ee0db6-5145-4d52-a86b-6c0f1f9b8b3e}</destination>
			<destination>{2d21653d-8cb5-43ce-aade-6c0f38d38e04}</destination>
			<destination>{d0ef2648-13f5-4240-accc-117ff433a294}</destination>
			<destination>{6aaf53ff-15c4-4e39-8d72-82226b2d5497}</destination>
			<destination>{f4fb19f5-7714-4e64-801a-fd534e50f842}</destination>
		</relationship>
	</object>
	<object class="AutomationPoint" id="{8e2438f1-1349-4097-8c0b-421d4179eba5}">
		<property name="position">
			<value>0</value>
		</property>
		<property name="value">
			<value>-40</value>
		</property>
	</object>
	<object class="AutomationPoint" id="{f611ae14-0612-4306-8b88-2ce55f688290}">
		<property name="position">
			<value>25</value>
		</property>
		<property name="value">
			<value>-18</value>
		</property>
		<property name="curveShape">
			<value>-1</value>
		</property>
	</object>
	<object class="AutomationPoint" id="{2b9b3ebd-7177-448f-b25e-058b2516d482}">
		<property name="position">
			<value>90</value>
		</property>
		<property name="value">
			<value>10</value>
		</property>
	</object>
	<object class="AutomationPoint" id="{39d1ef04-4ae7-4616-915e-05f5586ec85a}">
		<property name="position">
			<value>105</value>
		</property>
		<property name="value">
			<value>-42</value>
		</property>
	</object>
	<object class="AutomationPoint" id="{2bd0e809-7d51-4587-a718-c59329c7035a}">
		<property name="position">
			<value>95</value>
		</property>
		<property name="value">
			<value>-17</value>
		</property>
	</object>
	<object class="AutomationPoint" id="{12ee0db6-5145-4d52-a86b-6c0f1f9b8b3e}">
		<property name="position">
			<value>37</value>
		</property>
		<property name="value">
			<value>0</value>
		</property>
		<property name="curveShape">
			<value>-1</value>
		</property>
	</object>
	<object class="AutomationPoint" id="{2d21653d-8cb5-43ce-aade-6c0f38d38e04}">
		<property name="position">
			<value>240</value>
		</property>
		<property name="value">
			<value>0</value>
		</property>
	</object>
	<object class="AutomationPoint" id="{d0ef2648-13f5-4240-accc-117ff433a294}">
		<property name="position">
			<value>90</value>
		</property>
		<property name="value">
			<value>-1</value>
		</property>
	</object>
	<object class="AutomationPoint" id="{6aaf53ff-15c4-4e39-8d72-82226b2d5497}">
		<property name="position">
			<value>75</value>
		</property>
		<property name="value">
			<value>0</value>
		</property>
	</object>
	<object class="AutomationPoint" id="{f4fb19f5-7714-4e64-801a-fd534e50f842}">
		<property name="position">
			<value>65</value>
		</property>
		<property name="value">
			<value>0</value>
		</property>
		<property name="curveShape">
			<value>-1</value>
		</property>
	</object>
</objects>
